id,idGoogle,Seller,Price,Rating,UploadDate
1,woNrgrt-AZkC,Amazon.com.br,"29,00","Sem avaliação",2019-03-29
2,woNrgrt-AZkC,Shoptime,"29,00","Sem avaliação",2019-03-29
3,woNrgrt-AZkC,Submarino,"29,00","Sem avaliação",2019-03-29
4,woNrgrt-AZkC,"Livraria da Travessa","37,20","Sem avaliação",2019-03-29
5,woNrgrt-AZkC,"Pook Book","31,25","Sem avaliação",2019-03-29
6,woNrgrt-AZkC,Americanas.com,"29,00","Sem avaliação",2019-03-29
7,woNrgrt-AZkC,Submarino,"Sem preço","Sem avaliação",2019-03-29
8,woNrgrt-AZkC,"Livraria Saraiva","Sem preço","Sem avaliação",2019-03-29
9,woNrgrt-AZkC,"Livraria Nobel","Sem preço","Sem avaliação",2019-03-29
10,woNrgrt-AZkC,"Livraria Cultura","Sem preço","Sem avaliação",2019-03-29
11,woNrgrt-AZkC,FNAC,"Sem preço","Sem avaliação",2019-03-29
12,woNrgrt-AZkC,"Edies Loyola","Sem preço","Sem avaliação",2019-03-29
13,owToZHWwFOUC,"Mercado Livre","69,08","Sem avaliação",2019-03-29
14,owToZHWwFOUC,Pontofrio.com,"73,68","Sem avaliação",2019-03-29
15,owToZHWwFOUC,"Livraria da Travessa","92,10","Sem avaliação",2019-03-29
16,owToZHWwFOUC,Amazon.com.br,"61,94","Sem avaliação",2019-03-29
17,owToZHWwFOUC,"Pook Book","62,78","Sem avaliação",2019-03-29
18,owToZHWwFOUC,Shoptime,"61,94","Sem avaliação",2019-03-29
19,owToZHWwFOUC,Americanas.com,"61,94","Sem avaliação",2019-03-29
20,owToZHWwFOUC,Walmart,"78,29","Sem avaliação",2019-03-29
21,owToZHWwFOUC,Submarino,"61,94","Sem avaliação",2019-03-29
22,owToZHWwFOUC,"Casas Bahia","73,68","Sem avaliação",2019-03-29
23,owToZHWwFOUC,"Estante Virtual","61,90","Sem avaliação",2019-03-29
24,owToZHWwFOUC,"Livraria Loyola","64,47","Sem avaliação",2019-03-29
25,owToZHWwFOUC,Extra.com.br,"73,68","Sem avaliação",2019-03-29
26,owToZHWwFOUC,Submarino,"Sem preço","Sem avaliação",2019-03-29
27,owToZHWwFOUC,"Livraria Saraiva","Sem preço","Sem avaliação",2019-03-29
28,owToZHWwFOUC,"Livraria Nobel","Sem preço","Sem avaliação",2019-03-29
29,owToZHWwFOUC,"Livraria Cultura","92,10","Sem avaliação",2019-03-29
30,owToZHWwFOUC,FNAC,"Sem preço","Sem avaliação",2019-03-29
31,WhYsAAAAYAAJ,Submarino,"Sem preço","Sem avaliação",2019-03-29
32,WhYsAAAAYAAJ,"Livraria Saraiva","Sem preço","Sem avaliação",2019-03-29
33,WhYsAAAAYAAJ,"Livraria Nobel","Sem preço","Sem avaliação",2019-03-29
34,WhYsAAAAYAAJ,"Livraria Cultura","Sem preço","Sem avaliação",2019-03-29
35,WhYsAAAAYAAJ,FNAC,"Sem preço","Sem avaliação",2019-03-29
36,VO5fDwAAQBAJ,Submarino,"Sem preço","Sem avaliação",2019-03-29
37,VO5fDwAAQBAJ,"Livraria Saraiva","Sem preço","Sem avaliação",2019-03-29
38,VO5fDwAAQBAJ,"Livraria Nobel","Sem preço","Sem avaliação",2019-03-29
39,VO5fDwAAQBAJ,"Livraria Cultura","Sem preço","Sem avaliação",2019-03-29
40,VO5fDwAAQBAJ,FNAC,"Sem preço","Sem avaliação",2019-03-29
41,PS1ZAQAAQBAJ,Submarino,"Sem preço","Sem avaliação",2019-03-29
42,PS1ZAQAAQBAJ,"Livraria Saraiva","Sem preço","Sem avaliação",2019-03-29
43,PS1ZAQAAQBAJ,"Livraria Nobel","Sem preço","Sem avaliação",2019-03-29
44,PS1ZAQAAQBAJ,"Livraria Cultura","Sem preço","Sem avaliação",2019-03-29
45,PS1ZAQAAQBAJ,FNAC,"Sem preço","Sem avaliação",2019-03-29
46,wGcwvgAACAAJ,Americanas.com,"6,90","Sem avaliação",2019-03-29
47,wGcwvgAACAAJ,"Magazine Luiza","22,00","Sem avaliação",2019-03-29
48,wGcwvgAACAAJ,Carrefour,"9,90","Sem avaliação",2019-03-29
49,wGcwvgAACAAJ,"Mercado Livre","21,16","Sem avaliação",2019-03-29
50,wGcwvgAACAAJ,"Mercado Livre","9,90","Sem avaliação",2019-03-29
51,wGcwvgAACAAJ,"Pook Book","9,90","Sem avaliação",2019-03-29
52,wGcwvgAACAAJ,"Mercado Livre","17,00","Sem avaliação",2019-03-29
53,wGcwvgAACAAJ,"Livraria da Travessa","24,90","Sem avaliação",2019-03-29
54,wGcwvgAACAAJ,Walmart,"21,17","Sem avaliação",2019-03-29
55,wGcwvgAACAAJ,"Livraria Florence","9,99","Sem avaliação",2019-03-29
56,wGcwvgAACAAJ,Walmart,"26,90","Sem avaliação",2019-03-29
57,wGcwvgAACAAJ,Amazon.com.br,"6,90","Sem avaliação",2019-03-29
58,wGcwvgAACAAJ,Pontofrio.com,"9,90","Sem avaliação",2019-03-29
59,wGcwvgAACAAJ,"Mercado Livre","7,99","Sem avaliação",2019-03-29
60,wGcwvgAACAAJ,"Magazine Luiza","21,16","Sem avaliação",2019-03-29
61,wGcwvgAACAAJ,"Livraria Loyola","7,92","Sem avaliação",2019-03-29
62,wGcwvgAACAAJ,"Magazine Luiza","9,90","Sem avaliação",2019-03-29
63,wGcwvgAACAAJ,"Casas Bahia","9,90","Sem avaliação",2019-03-29
64,wGcwvgAACAAJ,Walmart,"10,89","Sem avaliação",2019-03-29
65,wGcwvgAACAAJ,Submarino,"6,90","Sem avaliação",2019-03-29
66,wGcwvgAACAAJ,Extra.com.br,"26,90","Sem avaliação",2019-03-29
67,wGcwvgAACAAJ,Submarino,"Sem preço","Sem avaliação",2019-03-29
68,wGcwvgAACAAJ,"Livraria Saraiva","6,90","Sem avaliação",2019-03-29
69,wGcwvgAACAAJ,"Livraria Nobel","Sem preço","Sem avaliação",2019-03-29
70,wGcwvgAACAAJ,"Livraria Cultura","9,90","Sem avaliação",2019-03-29
71,wGcwvgAACAAJ,FNAC,"Sem preço","Sem avaliação",2019-03-29
72,ZhcaAwAAQBAJ,Submarino,"Sem preço","Sem avaliação",2019-03-29
73,ZhcaAwAAQBAJ,"Livraria Saraiva","Sem preço","Sem avaliação",2019-03-29
74,ZhcaAwAAQBAJ,"Livraria Nobel","Sem preço","Sem avaliação",2019-03-29
75,ZhcaAwAAQBAJ,"Livraria Cultura","Sem preço","Sem avaliação",2019-03-29
76,ZhcaAwAAQBAJ,FNAC,"Sem preço","Sem avaliação",2019-03-29
77,p-lDDwAAQBAJ,Submarino,"Sem preço","Sem avaliação",2019-03-29
78,p-lDDwAAQBAJ,"Livraria Saraiva","Sem preço","Sem avaliação",2019-03-29
79,p-lDDwAAQBAJ,"Livraria Nobel","Sem preço","Sem avaliação",2019-03-29
80,p-lDDwAAQBAJ,"Livraria Cultura","Sem preço","Sem avaliação",2019-03-29
81,p-lDDwAAQBAJ,FNAC,"Sem preço","Sem avaliação",2019-03-29
82,LEwnDQAAQBAJ,Submarino,"Sem preço","Sem avaliação",2019-03-29
83,LEwnDQAAQBAJ,"Livraria Saraiva","Sem preço","Sem avaliação",2019-03-29
84,LEwnDQAAQBAJ,"Livraria Nobel","Sem preço","Sem avaliação",2019-03-29
85,LEwnDQAAQBAJ,"Livraria Cultura","Sem preço","Sem avaliação",2019-03-29
86,LEwnDQAAQBAJ,FNAC,"Sem preço","Sem avaliação",2019-03-29
87,796EMutjMtYC,"Grupo A","146,40","Sem avaliação",2019-03-29
88,796EMutjMtYC,"Grupo A","146,40","Sem avaliação",2019-03-29
89,796EMutjMtYC,Submarino,"Sem preço","Sem avaliação",2019-03-29
90,796EMutjMtYC,"Livraria Saraiva","Sem preço","Sem avaliação",2019-03-29
91,796EMutjMtYC,"Livraria Nobel","Sem preço","Sem avaliação",2019-03-29
92,796EMutjMtYC,"Livraria Cultura","Sem preço","Sem avaliação",2019-03-29
93,796EMutjMtYC,FNAC,"Sem preço","Sem avaliação",2019-03-29
94,OEbHDgAAQBAJ,Submarino,"Sem preço","Sem avaliação",2019-03-29
95,OEbHDgAAQBAJ,"Livraria Saraiva","Sem preço","Sem avaliação",2019-03-29
96,OEbHDgAAQBAJ,"Livraria Nobel","Sem preço","Sem avaliação",2019-03-29
97,OEbHDgAAQBAJ,"Livraria Cultura","Sem preço","Sem avaliação",2019-03-29
98,OEbHDgAAQBAJ,FNAC,"Sem preço","Sem avaliação",2019-03-29
99,GT8wDgAAQBAJ,Submarino,"Sem preço","Sem avaliação",2019-03-29
100,GT8wDgAAQBAJ,"Livraria Saraiva","Sem preço","Sem avaliação",2019-03-29
101,GT8wDgAAQBAJ,"Livraria Nobel","Sem preço","Sem avaliação",2019-03-29
102,GT8wDgAAQBAJ,"Livraria Cultura","Sem preço","Sem avaliação",2019-03-29
103,GT8wDgAAQBAJ,FNAC,"Sem preço","Sem avaliação",2019-03-29
104,59IJ34ms1HQC,Submarino,"Sem preço","Sem avaliação",2019-03-29
105,59IJ34ms1HQC,"Livraria Saraiva","Sem preço","Sem avaliação",2019-03-29
106,59IJ34ms1HQC,"Livraria Nobel","Sem preço","Sem avaliação",2019-03-29
107,59IJ34ms1HQC,"Livraria Cultura","Sem preço","Sem avaliação",2019-03-29
108,59IJ34ms1HQC,FNAC,"Sem preço","Sem avaliação",2019-03-29
109,B3FGvgAACAAJ,Submarino,"29,99","Sem avaliação",2019-03-29
110,B3FGvgAACAAJ,Pontofrio.com,"32,90","Sem avaliação",2019-03-29
111,B3FGvgAACAAJ,Americanas.com,"28,99","Sem avaliação",2019-03-29
112,B3FGvgAACAAJ,"Mercado Livre","21,39","Sem avaliação",2019-03-29
113,B3FGvgAACAAJ,"Livrarias Curitiba","32,90","Sem avaliação",2019-03-29
114,B3FGvgAACAAJ,Amazon.com.br,"28,99","Sem avaliação",2019-03-29
115,B3FGvgAACAAJ,Amazon.com.br,"28,99","Sem avaliação",2019-03-29
116,B3FGvgAACAAJ,Amazon.com.br,"28,99","Sem avaliação",2019-03-29
117,B3FGvgAACAAJ,Shoptime,"28,99","Sem avaliação",2019-03-29
118,B3FGvgAACAAJ,"Casas Bahia","32,90","Sem avaliação",2019-03-29
119,B3FGvgAACAAJ,"Magazine Luiza","21,39","Sem avaliação",2019-03-29
120,B3FGvgAACAAJ,Extra.com.br,"32,90","Sem avaliação",2019-03-29
121,B3FGvgAACAAJ,Submarino,"Sem preço","Sem avaliação",2019-03-29
122,B3FGvgAACAAJ,"Livraria Saraiva","Sem preço","Sem avaliação",2019-03-29
123,B3FGvgAACAAJ,"Livraria Nobel","Sem preço","Sem avaliação",2019-03-29
124,B3FGvgAACAAJ,"Livraria Cultura","32,90","Sem avaliação",2019-03-29
125,B3FGvgAACAAJ,FNAC,"Sem preço","Sem avaliação",2019-03-29
126,ZqYxDwAAQBAJ,Submarino,"Sem preço","Sem avaliação",2019-03-29
127,ZqYxDwAAQBAJ,"Livraria Saraiva","Sem preço","Sem avaliação",2019-03-29
128,ZqYxDwAAQBAJ,"Livraria Nobel","Sem preço","Sem avaliação",2019-03-29
129,ZqYxDwAAQBAJ,"Livraria Cultura","Sem preço","Sem avaliação",2019-03-29
130,ZqYxDwAAQBAJ,FNAC,"Sem preço","Sem avaliação",2019-03-29
131,1QQmDwAAQBAJ,Submarino,"Sem preço","Sem avaliação",2019-03-29
132,1QQmDwAAQBAJ,"Livraria Saraiva","Sem preço","Sem avaliação",2019-03-29
133,1QQmDwAAQBAJ,"Livraria Nobel","Sem preço","Sem avaliação",2019-03-29
134,1QQmDwAAQBAJ,"Livraria Cultura","Sem preço","Sem avaliação",2019-03-29
135,1QQmDwAAQBAJ,FNAC,"Sem preço","Sem avaliação",2019-03-29
136,7XPM-xKU2BsC,"Mercado Livre","26,18","Sem avaliação",2019-03-29
137,7XPM-xKU2BsC,"Magazine Luiza","39,90","Sem avaliação",2019-03-29
138,7XPM-xKU2BsC,Walmart,"26,18","Sem avaliação",2019-03-29
139,7XPM-xKU2BsC,"Mercado Livre","37,90","Sem avaliação",2019-03-29
140,7XPM-xKU2BsC,"Casas Bahia","33,10","Sem avaliação",2019-03-29
141,7XPM-xKU2BsC,Amazon.com.br,"26,18","Sem avaliação",2019-03-29
142,7XPM-xKU2BsC,"Mercado Livre","34,90","Sem avaliação",2019-03-29
143,7XPM-xKU2BsC,"Magazine Luiza","26,18","Sem avaliação",2019-03-29
144,7XPM-xKU2BsC,Amazon.com.br,"26,18","Sem avaliação",2019-03-29
145,7XPM-xKU2BsC,Walmart,"39,90","Sem avaliação",2019-03-29
146,7XPM-xKU2BsC,Shoptime,"26,18","Sem avaliação",2019-03-29
147,7XPM-xKU2BsC,Tocalivros,"22,90","Sem avaliação",2019-03-29
148,7XPM-xKU2BsC,Pontofrio.com,"33,10","Sem avaliação",2019-03-29
149,7XPM-xKU2BsC,Carrefour,"34,90","Sem avaliação",2019-03-29
150,7XPM-xKU2BsC,Extra.com.br,"33,10","Sem avaliação",2019-03-29
151,7XPM-xKU2BsC,"Pook Book","29,32","Sem avaliação",2019-03-29
152,7XPM-xKU2BsC,Walmart,"33,10","Sem avaliação",2019-03-29
153,7XPM-xKU2BsC,"Livrarias Curitiba","34,90","Sem avaliação",2019-03-29
154,7XPM-xKU2BsC,Americanas.com,"26,18","Sem avaliação",2019-03-29
155,7XPM-xKU2BsC,"Estante Virtual","17,80","Sem avaliação",2019-03-29
156,7XPM-xKU2BsC,Submarino,"26,18","Sem avaliação",2019-03-29
157,7XPM-xKU2BsC,Submarino,"Sem preço","Sem avaliação",2019-03-29
158,7XPM-xKU2BsC,"Livraria Saraiva","Sem preço","Sem avaliação",2019-03-29
159,7XPM-xKU2BsC,"Livraria Nobel","Sem preço","Sem avaliação",2019-03-29
160,7XPM-xKU2BsC,"Livraria Cultura","Sem preço","Sem avaliação",2019-03-29
161,7XPM-xKU2BsC,FNAC,"Sem preço","Sem avaliação",2019-03-29
162,jdpOnS5MYJAC,Amazon.com.br,"32,40","Sem avaliação",2019-03-29
163,jdpOnS5MYJAC,Americanas.com,"32,99","Sem avaliação",2019-03-29
164,jdpOnS5MYJAC,midialouca,"35,00","Sem avaliação",2019-03-29
165,jdpOnS5MYJAC,Walmart,"26,28","Sem avaliação",2019-03-29
166,jdpOnS5MYJAC,Amazon.com.br,"32,40","Sem avaliação",2019-03-29
167,jdpOnS5MYJAC,Submarino,"32,99","Sem avaliação",2019-03-29
168,jdpOnS5MYJAC,Shoptime,"32,99","Sem avaliação",2019-03-29
169,jdpOnS5MYJAC,Amazon.com.br,"32,40","Sem avaliação",2019-03-29
170,jdpOnS5MYJAC,Pontofrio.com,"26,28","Sem avaliação",2019-03-29
171,jdpOnS5MYJAC,Extra.com.br,"26,28","Sem avaliação",2019-03-29
172,jdpOnS5MYJAC,"Casas Bahia","26,28","Sem avaliação",2019-03-29
173,jdpOnS5MYJAC,Submarino,"Sem preço","Sem avaliação",2019-03-29
174,jdpOnS5MYJAC,"Livraria Saraiva","Sem preço","Sem avaliação",2019-03-29
175,jdpOnS5MYJAC,"Livraria Nobel","Sem preço","Sem avaliação",2019-03-29
176,jdpOnS5MYJAC,"Livraria Cultura","Sem preço","Sem avaliação",2019-03-29
177,jdpOnS5MYJAC,FNAC,"Sem preço","Sem avaliação",2019-03-29
178,jdpOnS5MYJAC,"Editora Pensamento","Sem preço","Sem avaliação",2019-03-29
179,K8NhBAAAQBAJ,Submarino,"Sem preço","Sem avaliação",2019-03-29
180,K8NhBAAAQBAJ,"Livraria Saraiva","Sem preço","Sem avaliação",2019-03-29
181,K8NhBAAAQBAJ,"Livraria Nobel","Sem preço","Sem avaliação",2019-03-29
182,K8NhBAAAQBAJ,"Livraria Cultura","Sem preço","Sem avaliação",2019-03-29
183,K8NhBAAAQBAJ,FNAC,"Sem preço","Sem avaliação",2019-03-29
184,6u4HtAEACAAJ,"Livraria Loyola","33,52","Sem avaliação",2019-03-29
185,6u4HtAEACAAJ,Americanas.com,"24,90","Sem avaliação",2019-03-29
186,6u4HtAEACAAJ,Carrefour,"41,90","Sem avaliação",2019-03-29
187,6u4HtAEACAAJ,Submarino,"30,59","Sem avaliação",2019-03-29
188,6u4HtAEACAAJ,Americanas.com,"41,90","Sem avaliação",2019-03-29
189,6u4HtAEACAAJ,"Pook Book","31,00","Sem avaliação",2019-03-29
190,6u4HtAEACAAJ,Submarino,"27,24","Sem avaliação",2019-03-29
191,6u4HtAEACAAJ,Americanas.com,"30,59","Sem avaliação",2019-03-29
192,6u4HtAEACAAJ,Shoptime,"24,90","Sem avaliação",2019-03-29
193,6u4HtAEACAAJ,Shoptime,"41,90","Sem avaliação",2019-03-29
194,6u4HtAEACAAJ,"Mercado Livre","31,37","Sem avaliação",2019-03-29
195,6u4HtAEACAAJ,"Livrarias Curitiba","41,90","Sem avaliação",2019-03-29
196,6u4HtAEACAAJ,"Magazine Luiza","41,90","Sem avaliação",2019-03-29
197,6u4HtAEACAAJ,Submarino,"29,52","Sem avaliação",2019-03-29
198,6u4HtAEACAAJ,Amazon.com.br,"24,90","Sem avaliação",2019-03-29
199,6u4HtAEACAAJ,"Magazine Luiza","27,24","Sem avaliação",2019-03-29
200,6u4HtAEACAAJ,Walmart,"37,29","Sem avaliação",2019-03-29
201,6u4HtAEACAAJ,"Mercado Livre","41,90","Sem avaliação",2019-03-29
202,6u4HtAEACAAJ,Submarino,"24,90","Sem avaliação",2019-03-29
203,6u4HtAEACAAJ,"Mercado Livre","27,24","Sem avaliação",2019-03-29
204,6u4HtAEACAAJ,"Paulus Editora","41,90","Sem avaliação",2019-03-29
205,6u4HtAEACAAJ,"Livraria da Travessa","41,90","Sem avaliação",2019-03-29
206,6u4HtAEACAAJ,"Mercado Livre","29,51","Sem avaliação",2019-03-29
207,6u4HtAEACAAJ,Submarino,"36,45","Sem avaliação",2019-03-29
208,6u4HtAEACAAJ,"Mercado Livre","41,90","Sem avaliação",2019-03-29
209,6u4HtAEACAAJ,Submarino,"Sem preço","Sem avaliação",2019-03-29
210,6u4HtAEACAAJ,"Livraria Saraiva","24,90","Sem avaliação",2019-03-29
211,6u4HtAEACAAJ,"Livraria Nobel","Sem preço","Sem avaliação",2019-03-29
212,6u4HtAEACAAJ,"Livraria Cultura","41,90","Sem avaliação",2019-03-29
213,6u4HtAEACAAJ,FNAC,"Sem preço","Sem avaliação",2019-03-29
214,WdViDwAAQBAJ,Submarino,"Sem preço","Sem avaliação",2019-03-29
215,WdViDwAAQBAJ,"Livraria Saraiva","Sem preço","Sem avaliação",2019-03-29
216,WdViDwAAQBAJ,"Livraria Nobel","Sem preço","Sem avaliação",2019-03-29
217,WdViDwAAQBAJ,"Livraria Cultura","Sem preço","Sem avaliação",2019-03-29
218,WdViDwAAQBAJ,FNAC,"Sem preço","Sem avaliação",2019-03-29
219,xb_wAwAAQBAJ,Submarino,"Sem preço","Sem avaliação",2019-03-29
220,xb_wAwAAQBAJ,"Livraria Saraiva","Sem preço","Sem avaliação",2019-03-29
221,xb_wAwAAQBAJ,"Livraria Nobel","Sem preço","Sem avaliação",2019-03-29
222,xb_wAwAAQBAJ,"Livraria Cultura","Sem preço","Sem avaliação",2019-03-29
223,xb_wAwAAQBAJ,FNAC,"Sem preço","Sem avaliação",2019-03-29
224,xb_wAwAAQBAJ,"MG Editores","Sem preço","Sem avaliação",2019-03-29
225,Q-JDDwAAQBAJ,Submarino,"Sem preço","Sem avaliação",2019-03-29
226,Q-JDDwAAQBAJ,"Livraria Saraiva","Sem preço","Sem avaliação",2019-03-29
227,Q-JDDwAAQBAJ,"Livraria Nobel","Sem preço","Sem avaliação",2019-03-29
228,Q-JDDwAAQBAJ,"Livraria Cultura","Sem preço","Sem avaliação",2019-03-29
229,Q-JDDwAAQBAJ,FNAC,"Sem preço","Sem avaliação",2019-03-29
230,otFeDwAAQBAJ,Submarino,"Sem preço","Sem avaliação",2019-03-29
231,otFeDwAAQBAJ,"Livraria Saraiva","Sem preço","Sem avaliação",2019-03-29
232,otFeDwAAQBAJ,"Livraria Nobel","Sem preço","Sem avaliação",2019-03-29
233,otFeDwAAQBAJ,"Livraria Cultura","Sem preço","Sem avaliação",2019-03-29
234,otFeDwAAQBAJ,FNAC,"Sem preço","Sem avaliação",2019-03-29
235,8rcM1AMTIZsC,Submarino,"Sem preço","Sem avaliação",2019-03-29
236,8rcM1AMTIZsC,"Livraria Saraiva","Sem preço","Sem avaliação",2019-03-29
237,8rcM1AMTIZsC,"Livraria Nobel","Sem preço","Sem avaliação",2019-03-29
238,8rcM1AMTIZsC,"Livraria Cultura","Sem preço","Sem avaliação",2019-03-29
239,8rcM1AMTIZsC,FNAC,"Sem preço","Sem avaliação",2019-03-29
240,EriRPgAACAAJ,Submarino,"Sem preço","Sem avaliação",2019-03-29
241,EriRPgAACAAJ,"Livraria Saraiva","Sem preço","Sem avaliação",2019-03-29
242,EriRPgAACAAJ,"Livraria Nobel","Sem preço","Sem avaliação",2019-03-29
243,EriRPgAACAAJ,"Livraria Cultura","Sem preço","Sem avaliação",2019-03-29
244,EriRPgAACAAJ,FNAC,"Sem preço","Sem avaliação",2019-03-29
245,jEOfpwAACAAJ,Submarino,"Sem preço","Sem avaliação",2019-03-29
246,jEOfpwAACAAJ,"Livraria Saraiva","Sem preço","Sem avaliação",2019-03-29
247,jEOfpwAACAAJ,"Livraria Nobel","Sem preço","Sem avaliação",2019-03-29
248,jEOfpwAACAAJ,"Livraria Cultura","Sem preço","Sem avaliação",2019-03-29
249,jEOfpwAACAAJ,FNAC,"Sem preço","Sem avaliação",2019-03-29
250,SOjfswEACAAJ,Submarino,"27,90","Sem avaliação",2019-03-29
251,SOjfswEACAAJ,"Livrarias Curitiba","35,90","Sem avaliação",2019-03-29
252,SOjfswEACAAJ,Amazon.com.br,"31,43","Sem avaliação",2019-03-29
253,SOjfswEACAAJ,"Mercado Livre","38,17","Sem avaliação",2019-03-29
254,SOjfswEACAAJ,Amazon.com.br,"31,43","Sem avaliação",2019-03-29
255,SOjfswEACAAJ,Walmart,"31,43","Sem avaliação",2019-03-29
256,SOjfswEACAAJ,Walmart,"32,78","Sem avaliação",2019-03-29
257,SOjfswEACAAJ,Carrefour,"39,76","Sem avaliação",2019-03-29
258,SOjfswEACAAJ,Walmart,"42,84","Sem avaliação",2019-03-29
259,SOjfswEACAAJ,Extra.com.br,"27,90","Sem avaliação",2019-03-29
260,SOjfswEACAAJ,Americanas.com,"27,90","Sem avaliação",2019-03-29
261,SOjfswEACAAJ,Amazon.com.br,"31,43","Sem avaliação",2019-03-29
262,SOjfswEACAAJ,"Casas Bahia","27,90","Sem avaliação",2019-03-29
263,SOjfswEACAAJ,"Mercado Livre","31,43","Sem avaliação",2019-03-29
264,SOjfswEACAAJ,Pontofrio.com,"27,90","Sem avaliação",2019-03-29
265,SOjfswEACAAJ,"Mercado Livre","39,76","Sem avaliação",2019-03-29
266,SOjfswEACAAJ,"Mercado Livre","44,90","Sem avaliação",2019-03-29
267,SOjfswEACAAJ,Walmart,"39,76","Sem avaliação",2019-03-29
268,SOjfswEACAAJ,Shoptime,"27,90","Sem avaliação",2019-03-29
269,SOjfswEACAAJ,"Livraria da Travessa","44,90","Sem avaliação",2019-03-29
270,SOjfswEACAAJ,"Mercado Livre","35,90","Sem avaliação",2019-03-29
271,SOjfswEACAAJ,"Livraria Florence","46,00","Sem avaliação",2019-03-29
272,SOjfswEACAAJ,"Mercado Livre","32,84","Sem avaliação",2019-03-29
273,SOjfswEACAAJ,Submarino,"Sem preço","Sem avaliação",2019-03-29
274,SOjfswEACAAJ,"Livraria Saraiva","27,90","Sem avaliação",2019-03-29
275,SOjfswEACAAJ,"Livraria Nobel","Sem preço","Sem avaliação",2019-03-29
276,SOjfswEACAAJ,"Livraria Cultura","44,90","Sem avaliação",2019-03-29
277,SOjfswEACAAJ,FNAC,"Sem preço","Sem avaliação",2019-03-29
278,7kMdCwAAQBAJ,Submarino,"Sem preço","Sem avaliação",2019-03-29
279,7kMdCwAAQBAJ,"Livraria Saraiva","Sem preço","Sem avaliação",2019-03-29
280,7kMdCwAAQBAJ,"Livraria Nobel","Sem preço","Sem avaliação",2019-03-29
281,7kMdCwAAQBAJ,"Livraria Cultura","Sem preço","Sem avaliação",2019-03-29
282,7kMdCwAAQBAJ,FNAC,"Sem preço","Sem avaliação",2019-03-29
283,7kMdCwAAQBAJ,"Babelcube Books","Sem preço","Sem avaliação",2019-03-29
284,H4IiSfXFV3cC,Submarino,"Sem preço","Sem avaliação",2019-03-29
285,H4IiSfXFV3cC,"Livraria Saraiva","Sem preço","Sem avaliação",2019-03-29
286,H4IiSfXFV3cC,"Livraria Nobel","Sem preço","Sem avaliação",2019-03-29
287,H4IiSfXFV3cC,"Livraria Cultura","Sem preço","Sem avaliação",2019-03-29
288,H4IiSfXFV3cC,FNAC,"Sem preço","Sem avaliação",2019-03-29
289,_8Ob1bL_ongC,Submarino,"Sem preço","Sem avaliação",2019-03-29
290,_8Ob1bL_ongC,"Livraria Saraiva","Sem preço","Sem avaliação",2019-03-29
291,_8Ob1bL_ongC,"Livraria Nobel","Sem preço","Sem avaliação",2019-03-29
292,_8Ob1bL_ongC,"Livraria Cultura","Sem preço","Sem avaliação",2019-03-29
293,_8Ob1bL_ongC,FNAC,"Sem preço","Sem avaliação",2019-03-29
294,_8Ob1bL_ongC,"SUNY Press","Sem preço","Sem avaliação",2019-03-29
295,40A2vQEACAAJ,"Mercado Livre","69,90","Sem avaliação",2019-03-29
296,40A2vQEACAAJ,Walmart,"51,00","Sem avaliação",2019-03-29
297,40A2vQEACAAJ,Pontofrio.com,"62,91","Sem avaliação",2019-03-29
298,40A2vQEACAAJ,"Casas Bahia","62,91","Sem avaliação",2019-03-29
299,40A2vQEACAAJ,"Livraria da Travessa","69,90","Sem avaliação",2019-03-29
300,40A2vQEACAAJ,"Livraria Loyola","55,92","Sem avaliação",2019-03-29
301,40A2vQEACAAJ,Extra.com.br,"62,91","Sem avaliação",2019-03-29
302,40A2vQEACAAJ,Carrefour,"62,91","Sem avaliação",2019-03-29
303,40A2vQEACAAJ,"Livrarias Curitiba","69,90","Sem avaliação",2019-03-29
304,40A2vQEACAAJ,Walmart,"59,42","Sem avaliação",2019-03-29
305,40A2vQEACAAJ,"Mercado Livre","59,42","Sem avaliação",2019-03-29
306,40A2vQEACAAJ,Submarino,"65,43","Sem avaliação",2019-03-29
307,40A2vQEACAAJ,Amazon.com.br,"62,20","Sem avaliação",2019-03-29
308,40A2vQEACAAJ,Shoptime,"51,00","Sem avaliação",2019-03-29
309,40A2vQEACAAJ,Americanas.com,"51,00","Sem avaliação",2019-03-29
310,40A2vQEACAAJ,Submarino,"Sem preço","Sem avaliação",2019-03-29
311,40A2vQEACAAJ,"Livraria Saraiva","Sem preço","Sem avaliação",2019-03-29
312,40A2vQEACAAJ,"Livraria Nobel","Sem preço","Sem avaliação",2019-03-29
313,40A2vQEACAAJ,"Livraria Cultura","69,90","Sem avaliação",2019-03-29
314,40A2vQEACAAJ,FNAC,"Sem preço","Sem avaliação",2019-03-29
315,i7hFuyM2dR4C,Submarino,"Sem preço","Sem avaliação",2019-03-29
316,i7hFuyM2dR4C,"Livraria Saraiva","Sem preço","Sem avaliação",2019-03-29
317,i7hFuyM2dR4C,"Livraria Nobel","Sem preço","Sem avaliação",2019-03-29
318,i7hFuyM2dR4C,"Livraria Cultura","Sem preço","Sem avaliação",2019-03-29
319,i7hFuyM2dR4C,FNAC,"Sem preço","Sem avaliação",2019-03-29
320,Pb57DwAAQBAJ,Submarino,"Sem preço","Sem avaliação",2019-03-29
321,Pb57DwAAQBAJ,"Livraria Saraiva","Sem preço","Sem avaliação",2019-03-29
322,Pb57DwAAQBAJ,"Livraria Nobel","Sem preço","Sem avaliação",2019-03-29
323,Pb57DwAAQBAJ,"Livraria Cultura","Sem preço","Sem avaliação",2019-03-29
324,Pb57DwAAQBAJ,FNAC,"Sem preço","Sem avaliação",2019-03-29
325,_QjswgEACAAJ,Submarino,"Sem preço","Sem avaliação",2019-03-29
326,_QjswgEACAAJ,"Livraria Saraiva","Sem preço","Sem avaliação",2019-03-29
327,_QjswgEACAAJ,"Livraria Nobel","Sem preço","Sem avaliação",2019-03-29
328,_QjswgEACAAJ,"Livraria Cultura","Sem preço","Sem avaliação",2019-03-29
329,_QjswgEACAAJ,FNAC,"Sem preço","Sem avaliação",2019-03-29
330,ZPxsDwAAQBAJ,Submarino,"Sem preço","Sem avaliação",2019-03-29
331,ZPxsDwAAQBAJ,"Livraria Saraiva","Sem preço","Sem avaliação",2019-03-29
332,ZPxsDwAAQBAJ,"Livraria Nobel","Sem preço","Sem avaliação",2019-03-29
333,ZPxsDwAAQBAJ,"Livraria Cultura","Sem preço","Sem avaliação",2019-03-29
334,ZPxsDwAAQBAJ,FNAC,"Sem preço","Sem avaliação",2019-03-29
335,uvwxMiuzxG0C,"Livraria Loyola","34,80","Sem avaliação",2019-03-29
336,uvwxMiuzxG0C,Shoptime,"37,12","Sem avaliação",2019-03-29
337,uvwxMiuzxG0C,"Pook Book","38,98","Sem avaliação",2019-03-29
338,uvwxMiuzxG0C,Submarino,"37,12","Sem avaliação",2019-03-29
339,uvwxMiuzxG0C,Amazon.com.br,"37,12","Sem avaliação",2019-03-29
340,uvwxMiuzxG0C,Walmart,"46,80","Sem avaliação",2019-03-29
341,uvwxMiuzxG0C,Americanas.com,"37,12","Sem avaliação",2019-03-29
342,uvwxMiuzxG0C,Submarino,"Sem preço","Sem avaliação",2019-03-29
343,uvwxMiuzxG0C,"Livraria Saraiva","Sem preço","Sem avaliação",2019-03-29
344,uvwxMiuzxG0C,"Livraria Nobel","Sem preço","Sem avaliação",2019-03-29
345,uvwxMiuzxG0C,"Livraria Cultura","Sem preço","Sem avaliação",2019-03-29
346,uvwxMiuzxG0C,FNAC,"Sem preço","Sem avaliação",2019-03-29
347,uvwxMiuzxG0C,"Edies Loyola","Sem preço","Sem avaliação",2019-03-29
348,6FV7qS2xbrwC,Submarino,"Sem preço","Sem avaliação",2019-03-29
349,6FV7qS2xbrwC,"Livraria Saraiva","Sem preço","Sem avaliação",2019-03-29
350,6FV7qS2xbrwC,"Livraria Nobel","Sem preço","Sem avaliação",2019-03-29
351,6FV7qS2xbrwC,"Livraria Cultura","Sem preço","Sem avaliação",2019-03-29
352,6FV7qS2xbrwC,FNAC,"Sem preço","Sem avaliação",2019-03-29
353,d4DIugEACAAJ,"Estante Virtual","32,00","Sem avaliação",2019-03-29
354,d4DIugEACAAJ,Walmart,"39,90","Sem avaliação",2019-03-29
355,d4DIugEACAAJ,"Magazine Luiza","42,90","Sem avaliação",2019-03-29
356,d4DIugEACAAJ,Pontofrio.com,"37,32","Sem avaliação",2019-03-29
357,d4DIugEACAAJ,"Magazine Luiza","42,90","Sem avaliação",2019-03-29
358,d4DIugEACAAJ,"Magazine Luiza","46,90","Sem avaliação",2019-03-29
359,d4DIugEACAAJ,Amazon.com.br,"37,32","Sem avaliação",2019-03-29
360,d4DIugEACAAJ,Extra.com.br,"34,32","Sem avaliação",2019-03-29
361,d4DIugEACAAJ,"Livrarias Curitiba","42,90","Sem avaliação",2019-03-29
362,d4DIugEACAAJ,"Casas Bahia","34,32","Sem avaliação",2019-03-29
363,d4DIugEACAAJ,Walmart,"41,79","Sem avaliação",2019-03-29
364,d4DIugEACAAJ,Shoptime,"32,99","Sem avaliação",2019-03-29
365,d4DIugEACAAJ,"Livraria da Travessa","42,90","Sem avaliação",2019-03-29
366,d4DIugEACAAJ,Walmart,"46,90","Sem avaliação",2019-03-29
367,d4DIugEACAAJ,"OK Magazine ","27,93","Sem avaliação",2019-03-29
368,d4DIugEACAAJ,Carrefour,"42,90","Sem avaliação",2019-03-29
369,d4DIugEACAAJ,Walmart,"31,32","Sem avaliação",2019-03-29
370,d4DIugEACAAJ,Amazon.com.br,"37,32","Sem avaliação",2019-03-29
371,d4DIugEACAAJ,"Mercado Livre","52,90","Sem avaliação",2019-03-29
372,d4DIugEACAAJ,Amazon.com.br,"37,32","Sem avaliação",2019-03-29
373,d4DIugEACAAJ,Walmart,"37,29","Sem avaliação",2019-03-29
374,d4DIugEACAAJ,Americanas.com,"32,99","Sem avaliação",2019-03-29
375,d4DIugEACAAJ,Amazon.com.br,"37,32","Sem avaliação",2019-03-29
376,d4DIugEACAAJ,Submarino,"Sem preço","Sem avaliação",2019-03-29
377,d4DIugEACAAJ,"Livraria Saraiva","31,90","Sem avaliação",2019-03-29
378,d4DIugEACAAJ,"Livraria Nobel","Sem preço","Sem avaliação",2019-03-29
379,d4DIugEACAAJ,"Livraria Cultura","Sem preço","Sem avaliação",2019-03-29
380,d4DIugEACAAJ,FNAC,"Sem preço","Sem avaliação",2019-03-29
381,bapHAQAAQBAJ,Submarino,"Sem preço","Sem avaliação",2019-03-29
382,bapHAQAAQBAJ,"Livraria Saraiva","Sem preço","Sem avaliação",2019-03-29
383,bapHAQAAQBAJ,"Livraria Nobel","Sem preço","Sem avaliação",2019-03-29
384,bapHAQAAQBAJ,"Livraria Cultura","Sem preço","Sem avaliação",2019-03-29
385,bapHAQAAQBAJ,FNAC,"Sem preço","Sem avaliação",2019-03-29
386,vcISAAAAQBAJ,Submarino,"Sem preço","Sem avaliação",2019-03-29
387,vcISAAAAQBAJ,"Livraria Saraiva","Sem preço","Sem avaliação",2019-03-29
388,vcISAAAAQBAJ,"Livraria Nobel","Sem preço","Sem avaliação",2019-03-29
389,vcISAAAAQBAJ,"Livraria Cultura","Sem preço","Sem avaliação",2019-03-29
390,vcISAAAAQBAJ,FNAC,"Sem preço","Sem avaliação",2019-03-29
391,svuVcron9FoC,Submarino,"Sem preço","Sem avaliação",2019-03-29
392,svuVcron9FoC,"Livraria Saraiva","Sem preço","Sem avaliação",2019-03-29
393,svuVcron9FoC,"Livraria Nobel","Sem preço","Sem avaliação",2019-03-29
394,svuVcron9FoC,"Livraria Cultura","Sem preço","Sem avaliação",2019-03-29
395,svuVcron9FoC,FNAC,"Sem preço","Sem avaliação",2019-03-29
396,svuVcron9FoC,"New Global Publishing","Sem preço","Sem avaliação",2019-03-29
397,bLy2P1e6goQC,"Mercado Livre","28,00","Sem avaliação",2019-03-29
398,bLy2P1e6goQC,Walmart,"23,80","Sem avaliação",2019-03-29
399,bLy2P1e6goQC,"Magazine Luiza","28,00","Sem avaliação",2019-03-29
400,bLy2P1e6goQC,Extra.com.br,"28,00","Sem avaliação",2019-03-29
401,bLy2P1e6goQC,Pontofrio.com,"28,00","Sem avaliação",2019-03-29
402,bLy2P1e6goQC,"Casas Bahia","28,00","Sem avaliação",2019-03-29
403,bLy2P1e6goQC,"Magazine Luiza","28,00","Sem avaliação",2019-03-29
404,bLy2P1e6goQC,"Magazine Luiza","25,20","Sem avaliação",2019-03-29
405,bLy2P1e6goQC,Amazon.com.br,"19,90","Sem avaliação",2019-03-29
406,bLy2P1e6goQC,Submarino,"19,90","Sem avaliação",2019-03-29
407,bLy2P1e6goQC,Shoptime,"19,90","Sem avaliação",2019-03-29
408,bLy2P1e6goQC,Carrefour,"28,00","Sem avaliação",2019-03-29
409,bLy2P1e6goQC,"Mercado Livre","22,98","Sem avaliação",2019-03-29
410,bLy2P1e6goQC,Submarino,"Sem preço","Sem avaliação",2019-03-29
411,bLy2P1e6goQC,"Livraria Saraiva","19,90","Sem avaliação",2019-03-29
412,bLy2P1e6goQC,"Livraria Nobel","Sem preço","Sem avaliação",2019-03-29
413,bLy2P1e6goQC,"Livraria Cultura","28,00","Sem avaliação",2019-03-29
414,bLy2P1e6goQC,FNAC,"Sem preço","Sem avaliação",2019-03-29
415,JNfBtG2ct00C,Pontofrio.com,"5,99","Sem avaliação",2019-03-29
416,JNfBtG2ct00C,Shoptime,"5,70","Sem avaliação",2019-03-29
417,JNfBtG2ct00C,"Casas Bahia","5,99","Sem avaliação",2019-03-29
418,JNfBtG2ct00C,"Pook Book","5,04","Sem avaliação",2019-03-29
419,JNfBtG2ct00C,Submarino,"5,70","Sem avaliação",2019-03-29
420,JNfBtG2ct00C,Extra.com.br,"5,99","Sem avaliação",2019-03-29
421,JNfBtG2ct00C,Submarino,"Sem preço","Sem avaliação",2019-03-29
422,JNfBtG2ct00C,"Livraria Saraiva","Sem preço","Sem avaliação",2019-03-29
423,JNfBtG2ct00C,"Livraria Nobel","Sem preço","Sem avaliação",2019-03-29
424,JNfBtG2ct00C,"Livraria Cultura","Sem preço","Sem avaliação",2019-03-29
425,JNfBtG2ct00C,FNAC,"Sem preço","Sem avaliação",2019-03-29
426,JNfBtG2ct00C,"Globo Livros","Sem preço","Sem avaliação",2019-03-29
427,ztaJDwAAQBAJ,Submarino,"Sem preço","Sem avaliação",2019-03-29
428,ztaJDwAAQBAJ,"Livraria Saraiva","Sem preço","Sem avaliação",2019-03-29
429,ztaJDwAAQBAJ,"Livraria Nobel","Sem preço","Sem avaliação",2019-03-29
430,ztaJDwAAQBAJ,"Livraria Cultura","Sem preço","Sem avaliação",2019-03-29
431,ztaJDwAAQBAJ,FNAC,"Sem preço","Sem avaliação",2019-03-29
432,St2VU6qgyLcC,Americanas.com,"33,60","Sem avaliação",2019-03-29
433,St2VU6qgyLcC,"Livraria da Travessa","48,00","Sem avaliação",2019-03-29
434,St2VU6qgyLcC,"Magazine Luiza","40,80","Sem avaliação",2019-03-29
435,St2VU6qgyLcC,"Mercado Livre","41,69","Sem avaliação",2019-03-29
436,St2VU6qgyLcC,Amazon.com.br,"35,04","Sem avaliação",2019-03-29
437,St2VU6qgyLcC,"Livrarias Curitiba","50,00","Sem avaliação",2019-03-29
438,St2VU6qgyLcC,Zoom,"40,80","Sem avaliação",2019-03-29
439,St2VU6qgyLcC,Candeia,"40,80","Sem avaliação",2019-03-29
440,St2VU6qgyLcC,"Casas Bahia","48,00","Sem avaliação",2019-03-29
441,St2VU6qgyLcC,Submarino,"33,60","Sem avaliação",2019-03-29
442,St2VU6qgyLcC,"Estante Virtual","43,95","Sem avaliação",2019-03-29
443,St2VU6qgyLcC,Amazon.com.br,"35,04","Sem avaliação",2019-03-29
444,St2VU6qgyLcC,Amazon.com.br,"35,04","Sem avaliação",2019-03-29
445,St2VU6qgyLcC,Walmart,"54,90","Sem avaliação",2019-03-29
446,St2VU6qgyLcC,"Mercado Livre","50,00","Sem avaliação",2019-03-29
447,St2VU6qgyLcC,Extra.com.br,"48,00","Sem avaliação",2019-03-29
448,St2VU6qgyLcC,Pontofrio.com,"48,00","Sem avaliação",2019-03-29
449,St2VU6qgyLcC,Submarino,"Sem preço","Sem avaliação",2019-03-29
450,St2VU6qgyLcC,"Livraria Saraiva","Sem preço","Sem avaliação",2019-03-29
451,St2VU6qgyLcC,"Livraria Nobel","Sem preço","Sem avaliação",2019-03-29
452,St2VU6qgyLcC,"Livraria Cultura","48,00","Sem avaliação",2019-03-29
453,St2VU6qgyLcC,FNAC,"Sem preço","Sem avaliação",2019-03-29
454,St2VU6qgyLcC,"Editora Pensamento","Sem preço","Sem avaliação",2019-03-29
455,-tenBAAAQBAJ,Submarino,"Sem preço","Sem avaliação",2019-03-29
456,-tenBAAAQBAJ,"Livraria Saraiva","Sem preço","Sem avaliação",2019-03-29
457,-tenBAAAQBAJ,"Livraria Nobel","Sem preço","Sem avaliação",2019-03-29
458,-tenBAAAQBAJ,"Livraria Cultura","Sem preço","Sem avaliação",2019-03-29
459,-tenBAAAQBAJ,FNAC,"Sem preço","Sem avaliação",2019-03-29
460,hsg6DQAAQBAJ,"Grupo A","76,80","Sem avaliação",2019-03-29
461,hsg6DQAAQBAJ,"Grupo A","76,80","Sem avaliação",2019-03-29
462,hsg6DQAAQBAJ,Submarino,"Sem preço","Sem avaliação",2019-03-29
463,hsg6DQAAQBAJ,"Livraria Saraiva","Sem preço","Sem avaliação",2019-03-29
464,hsg6DQAAQBAJ,"Livraria Nobel","Sem preço","Sem avaliação",2019-03-29
465,hsg6DQAAQBAJ,"Livraria Cultura","Sem preço","Sem avaliação",2019-03-29
466,hsg6DQAAQBAJ,FNAC,"Sem preço","Sem avaliação",2019-03-29
467,hsg6DQAAQBAJ,"Grupo A","Sem preço","Sem avaliação",2019-03-29
468,lVBgDwAAQBAJ,Submarino,"Sem preço","Sem avaliação",2019-03-29
469,lVBgDwAAQBAJ,"Livraria Saraiva","Sem preço","Sem avaliação",2019-03-29
470,lVBgDwAAQBAJ,"Livraria Nobel","Sem preço","Sem avaliação",2019-03-29
471,lVBgDwAAQBAJ,"Livraria Cultura","Sem preço","Sem avaliação",2019-03-29
472,lVBgDwAAQBAJ,FNAC,"Sem preço","Sem avaliação",2019-03-29
473,4DhDvgAACAAJ,"Top Livros","19,90","Sem avaliação",2019-03-29
474,4DhDvgAACAAJ,"Livraria da Travessa","19,90","Sem avaliação",2019-03-29
475,4DhDvgAACAAJ,Americanas.com,"16,53","Sem avaliação",2019-03-29
476,4DhDvgAACAAJ,"Mercado Livre","16,91","Sem avaliação",2019-03-29
477,4DhDvgAACAAJ,"Pook Book","15,92","Sem avaliação",2019-03-29
478,4DhDvgAACAAJ,Shoptime,"15,92","Sem avaliação",2019-03-29
479,4DhDvgAACAAJ,"Magazine Luiza","21,90","Sem avaliação",2019-03-29
480,4DhDvgAACAAJ,Pontofrio.com,"19,90","Sem avaliação",2019-03-29
481,4DhDvgAACAAJ,"Livraria Loyola","14,93","Sem avaliação",2019-03-29
482,4DhDvgAACAAJ,"Magazine Luiza","19,90","Sem avaliação",2019-03-29
483,4DhDvgAACAAJ,Amazon.com.br,"16,53","Sem avaliação",2019-03-29
484,4DhDvgAACAAJ,"Mercado Livre","19,90","Sem avaliação",2019-03-29
485,4DhDvgAACAAJ,Carrefour,"19,90","Sem avaliação",2019-03-29
486,4DhDvgAACAAJ,Walmart,"16,92","Sem avaliação",2019-03-29
487,4DhDvgAACAAJ,Submarino,"16,53","Sem avaliação",2019-03-29
488,4DhDvgAACAAJ,Submarino,"15,92","Sem avaliação",2019-03-29
489,4DhDvgAACAAJ,Americanas.com,"15,92","Sem avaliação",2019-03-29
490,4DhDvgAACAAJ,"Magazine Luiza","16,53","Sem avaliação",2019-03-29
491,4DhDvgAACAAJ,Shoptime,"16,53","Sem avaliação",2019-03-29
492,4DhDvgAACAAJ,"Magazine Luiza","17,91","Sem avaliação",2019-03-29
493,4DhDvgAACAAJ,"Livrarias Curitiba","19,90","Sem avaliação",2019-03-29
494,4DhDvgAACAAJ,Submarino,"Sem preço","Sem avaliação",2019-03-29
495,4DhDvgAACAAJ,"Livraria Saraiva","18,90","Sem avaliação",2019-03-29
496,4DhDvgAACAAJ,"Livraria Nobel","Sem preço","Sem avaliação",2019-03-29
497,4DhDvgAACAAJ,"Livraria Cultura","19,90","Sem avaliação",2019-03-29
498,4DhDvgAACAAJ,FNAC,"Sem preço","Sem avaliação",2019-03-29
499,Rg8NtwAACAAJ,"Mercado Livre","36,03","Sem avaliação",2019-03-29
500,Rg8NtwAACAAJ,"Livraria da Travessa","41,00","Sem avaliação",2019-03-29
501,Rg8NtwAACAAJ,Americanas.com,"29,90","Sem avaliação",2019-03-29
502,Rg8NtwAACAAJ,"Estante Virtual","41,00","Sem avaliação",2019-03-29
503,Rg8NtwAACAAJ,Submarino,"29,90","Sem avaliação",2019-03-29
504,Rg8NtwAACAAJ,Shoptime,"29,90","Sem avaliação",2019-03-29
505,Rg8NtwAACAAJ,"Mercado Livre","32,80","Sem avaliação",2019-03-29
506,Rg8NtwAACAAJ,"Mercado Livre","33,90","Sem avaliação",2019-03-29
507,Rg8NtwAACAAJ,Submarino,"Sem preço","Sem avaliação",2019-03-29
508,Rg8NtwAACAAJ,"Livraria Saraiva","29,90","Sem avaliação",2019-03-29
509,Rg8NtwAACAAJ,"Livraria Nobel","Sem preço","Sem avaliação",2019-03-29
510,Rg8NtwAACAAJ,"Livraria Cultura","40,00","Sem avaliação",2019-03-29
511,Rg8NtwAACAAJ,FNAC,"Sem preço","Sem avaliação",2019-03-29
512,RL257hYLUZgC,Submarino,"Sem preço","Sem avaliação",2019-03-29
513,RL257hYLUZgC,"Livraria Saraiva","Sem preço","Sem avaliação",2019-03-29
514,RL257hYLUZgC,"Livraria Nobel","Sem preço","Sem avaliação",2019-03-29
515,RL257hYLUZgC,"Livraria Cultura","Sem preço","Sem avaliação",2019-03-29
516,RL257hYLUZgC,FNAC,"Sem preço","Sem avaliação",2019-03-29
517,9c0mDwAAQBAJ,Submarino,"Sem preço","Sem avaliação",2019-03-29
518,9c0mDwAAQBAJ,"Livraria Saraiva","Sem preço","Sem avaliação",2019-03-29
519,9c0mDwAAQBAJ,"Livraria Nobel","Sem preço","Sem avaliação",2019-03-29
520,9c0mDwAAQBAJ,"Livraria Cultura","Sem preço","Sem avaliação",2019-03-29
521,9c0mDwAAQBAJ,FNAC,"Sem preço","Sem avaliação",2019-03-29
522,RTtwCgAAQBAJ,Submarino,"Sem preço","Sem avaliação",2019-03-29
523,RTtwCgAAQBAJ,"Livraria Saraiva","Sem preço","Sem avaliação",2019-03-29
524,RTtwCgAAQBAJ,"Livraria Nobel","Sem preço","Sem avaliação",2019-03-29
525,RTtwCgAAQBAJ,"Livraria Cultura","Sem preço","Sem avaliação",2019-03-29
526,RTtwCgAAQBAJ,FNAC,"Sem preço","Sem avaliação",2019-03-29
527,L4wP5B-d5E0C,Shoptime,"8,64","Sem avaliação",2019-03-29
528,L4wP5B-d5E0C,Americanas.com,"8,64","Sem avaliação",2019-03-29
529,L4wP5B-d5E0C,"Estante Virtual","19,00","Sem avaliação",2019-03-29
530,L4wP5B-d5E0C,Submarino,"8,64","Sem avaliação",2019-03-29
531,L4wP5B-d5E0C,Amazon.com.br,"8,64","Sem avaliação",2019-03-29
532,L4wP5B-d5E0C,Submarino,"Sem preço","Sem avaliação",2019-03-29
533,L4wP5B-d5E0C,"Livraria Saraiva","Sem preço","Sem avaliação",2019-03-29
534,L4wP5B-d5E0C,"Livraria Nobel","Sem preço","Sem avaliação",2019-03-29
535,L4wP5B-d5E0C,"Livraria Cultura","Sem preço","Sem avaliação",2019-03-29
536,L4wP5B-d5E0C,FNAC,"Sem preço","Sem avaliação",2019-03-29
537,WxggngEACAAJ,Submarino,"Sem preço","Sem avaliação",2019-03-29
538,WxggngEACAAJ,"Livraria Saraiva","Sem preço","Sem avaliação",2019-03-29
539,WxggngEACAAJ,"Livraria Nobel","Sem preço","Sem avaliação",2019-03-29
540,WxggngEACAAJ,"Livraria Cultura","Sem preço","Sem avaliação",2019-03-29
541,WxggngEACAAJ,FNAC,"Sem preço","Sem avaliação",2019-03-29
542,p2aICgAAQBAJ,Submarino,"Sem preço","Sem avaliação",2019-03-29
543,p2aICgAAQBAJ,"Livraria Saraiva","Sem preço","Sem avaliação",2019-03-29
544,p2aICgAAQBAJ,"Livraria Nobel","Sem preço","Sem avaliação",2019-03-29
545,p2aICgAAQBAJ,"Livraria Cultura","Sem preço","Sem avaliação",2019-03-29
546,p2aICgAAQBAJ,FNAC,"Sem preço","Sem avaliação",2019-03-29
547,yJS7swEACAAJ,Amazon.com.br,"25,90","Sem avaliação",2019-03-29
548,yJS7swEACAAJ,Shoptime,"25,90","Sem avaliação",2019-03-29
549,yJS7swEACAAJ,"Mercado Livre","34,90","Sem avaliação",2019-03-29
550,yJS7swEACAAJ,"Livraria da Travessa","34,90","Sem avaliação",2019-03-29
551,yJS7swEACAAJ,Americanas.com,"25,90","Sem avaliação",2019-03-29
552,yJS7swEACAAJ,"Casas Bahia","31,41","Sem avaliação",2019-03-29
553,yJS7swEACAAJ,"Livraria Loyola","27,92","Sem avaliação",2019-03-29
554,yJS7swEACAAJ,Submarino,"25,90","Sem avaliação",2019-03-29
555,yJS7swEACAAJ,"Mercado Livre","29,66","Sem avaliação",2019-03-29
556,yJS7swEACAAJ,Walmart,"25,48","Sem avaliação",2019-03-29
557,yJS7swEACAAJ,"Livrarias Curitiba","34,90","Sem avaliação",2019-03-29
558,yJS7swEACAAJ,"Mercado Livre","34,90","Sem avaliação",2019-03-29
559,yJS7swEACAAJ,"Mercado Livre","43,90","Sem avaliação",2019-03-29
560,yJS7swEACAAJ,Extra.com.br,"31,41","Sem avaliação",2019-03-29
561,yJS7swEACAAJ,Walmart,"29,67","Sem avaliação",2019-03-29
562,yJS7swEACAAJ,"Mercado Livre","29,74","Sem avaliação",2019-03-29
563,yJS7swEACAAJ,Submarino,"Sem preço","Sem avaliação",2019-03-29
564,yJS7swEACAAJ,"Livraria Saraiva","25,90","Sem avaliação",2019-03-29
565,yJS7swEACAAJ,"Livraria Nobel","Sem preço","Sem avaliação",2019-03-29
566,yJS7swEACAAJ,"Livraria Cultura","Sem preço","Sem avaliação",2019-03-29
567,yJS7swEACAAJ,FNAC,"Sem preço","Sem avaliação",2019-03-29
568,yzsPvgAACAAJ,Carrefour,"31,00","Sem avaliação",2019-03-29
569,yzsPvgAACAAJ,Americanas.com,"23,17","Sem avaliação",2019-03-29
570,yzsPvgAACAAJ,"Livraria da Travessa","31,00","Sem avaliação",2019-03-29
571,yzsPvgAACAAJ,Walmart,"30,69","Sem avaliação",2019-03-29
572,yzsPvgAACAAJ,"Mercado Livre","22,55","Sem avaliação",2019-03-29
573,yzsPvgAACAAJ,Submarino,"23,17","Sem avaliação",2019-03-29
574,yzsPvgAACAAJ,Submarino,"Sem preço","Sem avaliação",2019-03-29
575,yzsPvgAACAAJ,"Livraria Saraiva","14,90","Sem avaliação",2019-03-29
576,yzsPvgAACAAJ,"Livraria Nobel","Sem preço","Sem avaliação",2019-03-29
577,yzsPvgAACAAJ,"Livraria Cultura","Sem preço","Sem avaliação",2019-03-29
578,yzsPvgAACAAJ,FNAC,"Sem preço","Sem avaliação",2019-03-29
579,nRszDwAAQBAJ,Submarino,"Sem preço","Sem avaliação",2019-03-29
580,nRszDwAAQBAJ,"Livraria Saraiva","Sem preço","Sem avaliação",2019-03-29
581,nRszDwAAQBAJ,"Livraria Nobel","Sem preço","Sem avaliação",2019-03-29
582,nRszDwAAQBAJ,"Livraria Cultura","Sem preço","Sem avaliação",2019-03-29
583,nRszDwAAQBAJ,FNAC,"Sem preço","Sem avaliação",2019-03-29
584,NGhIAgAAQBAJ,Submarino,"Sem preço","Sem avaliação",2019-03-29
585,NGhIAgAAQBAJ,"Livraria Saraiva","Sem preço","Sem avaliação",2019-03-29
586,NGhIAgAAQBAJ,"Livraria Nobel","Sem preço","Sem avaliação",2019-03-29
587,NGhIAgAAQBAJ,"Livraria Cultura","Sem preço","Sem avaliação",2019-03-29
588,NGhIAgAAQBAJ,FNAC,"Sem preço","Sem avaliação",2019-03-29
589,jsQxCAAAQBAJ,Submarino,"Sem preço","Sem avaliação",2019-03-29
590,jsQxCAAAQBAJ,"Livraria Saraiva","Sem preço","Sem avaliação",2019-03-29
591,jsQxCAAAQBAJ,"Livraria Nobel","Sem preço","Sem avaliação",2019-03-29
592,jsQxCAAAQBAJ,"Livraria Cultura","Sem preço","Sem avaliação",2019-03-29
593,jsQxCAAAQBAJ,FNAC,"Sem preço","Sem avaliação",2019-03-29
594,DTEPqyW7pqcC,Submarino,"Sem preço","Sem avaliação",2019-03-29
595,DTEPqyW7pqcC,"Livraria Saraiva","Sem preço","Sem avaliação",2019-03-29
596,DTEPqyW7pqcC,"Livraria Nobel","Sem preço","Sem avaliação",2019-03-29
597,DTEPqyW7pqcC,"Livraria Cultura","Sem preço","Sem avaliação",2019-03-29
598,DTEPqyW7pqcC,FNAC,"Sem preço","Sem avaliação",2019-03-29
599,yMMpDwAAQBAJ,Submarino,"Sem preço","Sem avaliação",2019-03-29
600,yMMpDwAAQBAJ,"Livraria Saraiva","Sem preço","Sem avaliação",2019-03-29
601,yMMpDwAAQBAJ,"Livraria Nobel","Sem preço","Sem avaliação",2019-03-29
602,yMMpDwAAQBAJ,"Livraria Cultura","Sem preço","Sem avaliação",2019-03-29
603,yMMpDwAAQBAJ,FNAC,"Sem preço","Sem avaliação",2019-03-29
604,x8IOP4CIgsIC,Submarino,"Sem preço","Sem avaliação",2019-03-29
605,x8IOP4CIgsIC,"Livraria Saraiva","Sem preço","Sem avaliação",2019-03-29
606,x8IOP4CIgsIC,"Livraria Nobel","Sem preço","Sem avaliação",2019-03-29
607,x8IOP4CIgsIC,"Livraria Cultura","Sem preço","Sem avaliação",2019-03-29
608,x8IOP4CIgsIC,FNAC,"Sem preço","Sem avaliação",2019-03-29
609,x8IOP4CIgsIC,"Butterfly Editora","Sem preço","Sem avaliação",2019-03-29
610,qTnwAAAAQBAJ,Submarino,"Sem preço","Sem avaliação",2019-03-29
611,qTnwAAAAQBAJ,"Livraria Saraiva","Sem preço","Sem avaliação",2019-03-29
612,qTnwAAAAQBAJ,"Livraria Nobel","Sem preço","Sem avaliação",2019-03-29
613,qTnwAAAAQBAJ,"Livraria Cultura","Sem preço","Sem avaliação",2019-03-29
614,qTnwAAAAQBAJ,FNAC,"Sem preço","Sem avaliação",2019-03-29
615,ZsWHDwAAQBAJ,Submarino,"Sem preço","Sem avaliação",2019-03-29
616,ZsWHDwAAQBAJ,"Livraria Saraiva","Sem preço","Sem avaliação",2019-03-29
617,ZsWHDwAAQBAJ,"Livraria Nobel","Sem preço","Sem avaliação",2019-03-29
618,ZsWHDwAAQBAJ,"Livraria Cultura","Sem preço","Sem avaliação",2019-03-29
619,ZsWHDwAAQBAJ,FNAC,"Sem preço","Sem avaliação",2019-03-29
620,AEJFDwAAQBAJ,Submarino,"Sem preço","Sem avaliação",2019-03-29
621,AEJFDwAAQBAJ,"Livraria Saraiva","Sem preço","Sem avaliação",2019-03-29
622,AEJFDwAAQBAJ,"Livraria Nobel","Sem preço","Sem avaliação",2019-03-29
623,AEJFDwAAQBAJ,"Livraria Cultura","Sem preço","Sem avaliação",2019-03-29
624,AEJFDwAAQBAJ,FNAC,"Sem preço","Sem avaliação",2019-03-29
625,L6UglgEACAAJ,"Estante Virtual","14,98","Sem avaliação",2019-03-29
626,L6UglgEACAAJ,"Magazine Luiza","39,90","Sem avaliação",2019-03-29
627,L6UglgEACAAJ,Submarino,"Sem preço","Sem avaliação",2019-03-29
628,L6UglgEACAAJ,"Livraria Saraiva","Sem preço","Sem avaliação",2019-03-29
629,L6UglgEACAAJ,"Livraria Nobel","Sem preço","Sem avaliação",2019-03-29
630,L6UglgEACAAJ,"Livraria Cultura","Sem preço","Sem avaliação",2019-03-29
631,L6UglgEACAAJ,FNAC,"Sem preço","Sem avaliação",2019-03-29
632,fKB3CgAAQBAJ,Submarino,"Sem preço","Sem avaliação",2019-03-29
633,fKB3CgAAQBAJ,"Livraria Saraiva","Sem preço","Sem avaliação",2019-03-29
634,fKB3CgAAQBAJ,"Livraria Nobel","Sem preço","Sem avaliação",2019-03-29
635,fKB3CgAAQBAJ,"Livraria Cultura","Sem preço","Sem avaliação",2019-03-29
636,fKB3CgAAQBAJ,FNAC,"Sem preço","Sem avaliação",2019-03-29
637,ZqruD4JhYLMC,Americanas.com,"61,90","Sem avaliação",2019-03-29
638,ZqruD4JhYLMC,Shoptime,"61,90","Sem avaliação",2019-03-29
639,ZqruD4JhYLMC,Submarino,"61,90","Sem avaliação",2019-03-29
640,ZqruD4JhYLMC,Submarino,"Sem preço","Sem avaliação",2019-03-29
641,ZqruD4JhYLMC,"Livraria Saraiva","Sem preço","Sem avaliação",2019-03-29
642,ZqruD4JhYLMC,"Livraria Nobel","Sem preço","Sem avaliação",2019-03-29
643,ZqruD4JhYLMC,"Livraria Cultura","Sem preço","Sem avaliação",2019-03-29
644,ZqruD4JhYLMC,FNAC,"Sem preço","Sem avaliação",2019-03-29
645,ZqruD4JhYLMC,"Editora Barana","Sem preço","Sem avaliação",2019-03-29
646,xPo4sVvFKJsC,Submarino,"Sem preço","Sem avaliação",2019-03-29
647,xPo4sVvFKJsC,"Livraria Saraiva","Sem preço","Sem avaliação",2019-03-29
648,xPo4sVvFKJsC,"Livraria Nobel","Sem preço","Sem avaliação",2019-03-29
649,xPo4sVvFKJsC,"Livraria Cultura","Sem preço","Sem avaliação",2019-03-29
650,xPo4sVvFKJsC,FNAC,"Sem preço","Sem avaliação",2019-03-29
651,xPo4sVvFKJsC,"Arte Editorial","Sem preço","Sem avaliação",2019-03-29
652,O7fIBgAAQBAJ,Submarino,"Sem preço","Sem avaliação",2019-03-29
653,O7fIBgAAQBAJ,"Livraria Saraiva","Sem preço","Sem avaliação",2019-03-29
654,O7fIBgAAQBAJ,"Livraria Nobel","Sem preço","Sem avaliação",2019-03-29
655,O7fIBgAAQBAJ,"Livraria Cultura","Sem preço","Sem avaliação",2019-03-29
656,O7fIBgAAQBAJ,FNAC,"Sem preço","Sem avaliação",2019-03-29
657,O7fIBgAAQBAJ,Lulu.com,"Sem preço","Sem avaliação",2019-03-29
658,eyuDDwAAQBAJ,Submarino,"Sem preço","Sem avaliação",2019-03-29
659,eyuDDwAAQBAJ,"Livraria Saraiva","Sem preço","Sem avaliação",2019-03-29
660,eyuDDwAAQBAJ,"Livraria Nobel","Sem preço","Sem avaliação",2019-03-29
661,eyuDDwAAQBAJ,"Livraria Cultura","Sem preço","Sem avaliação",2019-03-29
662,eyuDDwAAQBAJ,FNAC,"Sem preço","Sem avaliação",2019-03-29
663,DIX7HkDKIuQC,Submarino,"27,12","Sem avaliação",2019-03-29
664,DIX7HkDKIuQC,Amazon.com.br,"27,90","Sem avaliação",2019-03-29
665,DIX7HkDKIuQC,Americanas.com,"27,12","Sem avaliação",2019-03-29
666,DIX7HkDKIuQC,"Estante Virtual","21,90","Sem avaliação",2019-03-29
667,DIX7HkDKIuQC,Submarino,"Sem preço","Sem avaliação",2019-03-29
668,DIX7HkDKIuQC,"Livraria Saraiva","Sem preço","Sem avaliação",2019-03-29
669,DIX7HkDKIuQC,"Livraria Nobel","Sem preço","Sem avaliação",2019-03-29
670,DIX7HkDKIuQC,"Livraria Cultura","Sem preço","Sem avaliação",2019-03-29
671,DIX7HkDKIuQC,FNAC,"Sem preço","Sem avaliação",2019-03-29
672,DIX7HkDKIuQC,"Petit Editora e Distribuidor","Sem preço","Sem avaliação",2019-03-29
673,pw4jl3AZd5YC,Submarino,"Sem preço","Sem avaliação",2019-03-29
674,pw4jl3AZd5YC,"Livraria Saraiva","Sem preço","Sem avaliação",2019-03-29
675,pw4jl3AZd5YC,"Livraria Nobel","Sem preço","Sem avaliação",2019-03-29
676,pw4jl3AZd5YC,"Livraria Cultura","Sem preço","Sem avaliação",2019-03-29
677,pw4jl3AZd5YC,FNAC,"Sem preço","Sem avaliação",2019-03-29
678,9sAgCAAAQBAJ,Submarino,"Sem preço","Sem avaliação",2019-03-29
679,9sAgCAAAQBAJ,"Livraria Saraiva","Sem preço","Sem avaliação",2019-03-29
680,9sAgCAAAQBAJ,"Livraria Nobel","Sem preço","Sem avaliação",2019-03-29
681,9sAgCAAAQBAJ,"Livraria Cultura","Sem preço","Sem avaliação",2019-03-29
682,9sAgCAAAQBAJ,FNAC,"Sem preço","Sem avaliação",2019-03-29
683,qF7QzH3mgYgC,Submarino,"Sem preço","Sem avaliação",2019-03-29
684,qF7QzH3mgYgC,"Livraria Saraiva","Sem preço","Sem avaliação",2019-03-29
685,qF7QzH3mgYgC,"Livraria Nobel","Sem preço","Sem avaliação",2019-03-29
686,qF7QzH3mgYgC,"Livraria Cultura","Sem preço","Sem avaliação",2019-03-29
687,qF7QzH3mgYgC,FNAC,"Sem preço","Sem avaliação",2019-03-29
688,qF7QzH3mgYgC,"Arte &amp; Cincia","Sem preço","Sem avaliação",2019-03-29
689,rKJg5Ak4ItAC,Shoptime,"61,44","Sem avaliação",2019-03-29
690,rKJg5Ak4ItAC,Submarino,"61,44","Sem avaliação",2019-03-29
691,rKJg5Ak4ItAC,Americanas.com,"61,44","Sem avaliação",2019-03-29
692,rKJg5Ak4ItAC,Submarino,"Sem preço","Sem avaliação",2019-03-29
693,rKJg5Ak4ItAC,"Livraria Saraiva","Sem preço","Sem avaliação",2019-03-29
694,rKJg5Ak4ItAC,"Livraria Nobel","Sem preço","Sem avaliação",2019-03-29
695,rKJg5Ak4ItAC,"Livraria Cultura","Sem preço","Sem avaliação",2019-03-29
696,rKJg5Ak4ItAC,FNAC,"Sem preço","Sem avaliação",2019-03-29
697,rKJg5Ak4ItAC,biblioteca24horas,"Sem preço","Sem avaliação",2019-03-29
698,a-ZBCwAAQBAJ,Submarino,"Sem preço","Sem avaliação",2019-03-29
699,a-ZBCwAAQBAJ,"Livraria Saraiva","Sem preço","Sem avaliação",2019-03-29
700,a-ZBCwAAQBAJ,"Livraria Nobel","Sem preço","Sem avaliação",2019-03-29
701,a-ZBCwAAQBAJ,"Livraria Cultura","Sem preço","Sem avaliação",2019-03-29
702,a-ZBCwAAQBAJ,FNAC,"Sem preço","Sem avaliação",2019-03-29
703,JQNXvgAACAAJ,"Casas Bahia","42,30","Sem avaliação",2019-03-29
704,JQNXvgAACAAJ,Nerdstore,"32,90","Sem avaliação",2019-03-29
705,JQNXvgAACAAJ,Submarino,"41,99","Sem avaliação",2019-03-29
706,JQNXvgAACAAJ,"Livraria da Travessa","52,90","Sem avaliação",2019-03-29
707,JQNXvgAACAAJ,"Mercado Livre","52,90","Sem avaliação",2019-03-29
708,JQNXvgAACAAJ,Shoptime,"42,89","Sem avaliação",2019-03-29
709,JQNXvgAACAAJ,Carrefour,"52,90","Sem avaliação",2019-03-29
710,JQNXvgAACAAJ,Americanas.com,"42,89","Sem avaliação",2019-03-29
711,JQNXvgAACAAJ,Arlequim,"52,90","Sem avaliação",2019-03-29
712,JQNXvgAACAAJ,"Magazine Luiza","52,90","Sem avaliação",2019-03-29
713,JQNXvgAACAAJ,AlfaTech,"45,00","Sem avaliação",2019-03-29
714,JQNXvgAACAAJ,Pontofrio.com,"42,30","Sem avaliação",2019-03-29
715,JQNXvgAACAAJ,"Livrarias Curitiba","52,90","Sem avaliação",2019-03-29
716,JQNXvgAACAAJ,"Estante Virtual","41,26","Sem avaliação",2019-03-29
717,JQNXvgAACAAJ,Amazon.com.br,"41,99","Sem avaliação",2019-03-29
718,JQNXvgAACAAJ,"Magazine Luiza","52,90","Sem avaliação",2019-03-29
719,JQNXvgAACAAJ,Extra.com.br,"42,30","Sem avaliação",2019-03-29
720,JQNXvgAACAAJ,Submarino,"Sem preço","Sem avaliação",2019-03-29
721,JQNXvgAACAAJ,"Livraria Saraiva","Sem preço","Sem avaliação",2019-03-29
722,JQNXvgAACAAJ,"Livraria Nobel","Sem preço","Sem avaliação",2019-03-29
723,JQNXvgAACAAJ,"Livraria Cultura","52,90","Sem avaliação",2019-03-29
724,JQNXvgAACAAJ,FNAC,"Sem preço","Sem avaliação",2019-03-29
725,xDdrDwAAQBAJ,Submarino,"Sem preço","Sem avaliação",2019-03-29
726,xDdrDwAAQBAJ,"Livraria Saraiva","Sem preço","Sem avaliação",2019-03-29
727,xDdrDwAAQBAJ,"Livraria Nobel","Sem preço","Sem avaliação",2019-03-29
728,xDdrDwAAQBAJ,"Livraria Cultura","Sem preço","Sem avaliação",2019-03-29
729,xDdrDwAAQBAJ,FNAC,"Sem preço","Sem avaliação",2019-03-29
730,cYxIAwAAQBAJ,Submarino,"Sem preço","Sem avaliação",2019-03-29
731,cYxIAwAAQBAJ,"Livraria Saraiva","Sem preço","Sem avaliação",2019-03-29
732,cYxIAwAAQBAJ,"Livraria Nobel","Sem preço","Sem avaliação",2019-03-29
733,cYxIAwAAQBAJ,"Livraria Cultura","Sem preço","Sem avaliação",2019-03-29
734,cYxIAwAAQBAJ,FNAC,"Sem preço","Sem avaliação",2019-03-29
735,cYxIAwAAQBAJ,Routledge,"Sem preço","Sem avaliação",2019-03-29
736,0QOpDQAAQBAJ,Submarino,"Sem preço","Sem avaliação",2019-03-29
737,0QOpDQAAQBAJ,"Livraria Saraiva","Sem preço","Sem avaliação",2019-03-29
738,0QOpDQAAQBAJ,"Livraria Nobel","Sem preço","Sem avaliação",2019-03-29
739,0QOpDQAAQBAJ,"Livraria Cultura","Sem preço","Sem avaliação",2019-03-29
740,0QOpDQAAQBAJ,FNAC,"Sem preço","Sem avaliação",2019-03-29
741,Zv17swEACAAJ,"Casas Bahia","39,90","Sem avaliação",2019-03-29
742,Zv17swEACAAJ,"Mercado Livre","36,27","Sem avaliação",2019-03-29
743,Zv17swEACAAJ,Americanas.com,"29,13","Sem avaliação",2019-03-29
744,Zv17swEACAAJ,"Mercado Livre","26,29","Sem avaliação",2019-03-29
745,Zv17swEACAAJ,"Mercado Livre","39,90","Sem avaliação",2019-03-29
746,Zv17swEACAAJ,Shoptime,"39,90","Sem avaliação",2019-03-29
747,Zv17swEACAAJ,Submarino,"29,93","Sem avaliação",2019-03-29
748,Zv17swEACAAJ,"Mercado Livre","29,93","Sem avaliação",2019-03-29
749,Zv17swEACAAJ,Amazon.com.br,"21,10","Sem avaliação",2019-03-29
750,Zv17swEACAAJ,Amazon.com.br,"21,10","Sem avaliação",2019-03-29
751,Zv17swEACAAJ,Walmart,"39,90","Sem avaliação",2019-03-29
752,Zv17swEACAAJ,"Mercado Livre","35,31","Sem avaliação",2019-03-29
753,Zv17swEACAAJ,Submarino,"21,90","Sem avaliação",2019-03-29
754,Zv17swEACAAJ,Submarino,"39,50","Sem avaliação",2019-03-29
755,Zv17swEACAAJ,Submarino,"29,13","Sem avaliação",2019-03-29
756,Zv17swEACAAJ,Shoptime,"21,10","Sem avaliação",2019-03-29
757,Zv17swEACAAJ,Amazon.com.br,"21,10","Sem avaliação",2019-03-29
758,Zv17swEACAAJ,Zoom,"38,70","Sem avaliação",2019-03-29
759,Zv17swEACAAJ,"Magazine Luiza","39,90","Sem avaliação",2019-03-29
760,Zv17swEACAAJ,"Livraria Casa da Bblia Online","35,91","Sem avaliação",2019-03-29
761,Zv17swEACAAJ,"Mercado Livre","43,90","Sem avaliação",2019-03-29
762,Zv17swEACAAJ,"Livrarias Curitiba","39,90","Sem avaliação",2019-03-29
763,Zv17swEACAAJ,Shoptime,"29,13","Sem avaliação",2019-03-29
764,Zv17swEACAAJ,"Livraria Loyola","31,92","Sem avaliação",2019-03-29
765,Zv17swEACAAJ,Submarino,"Sem preço","Sem avaliação",2019-03-29
766,Zv17swEACAAJ,"Livraria Saraiva","21,90","Sem avaliação",2019-03-29
767,Zv17swEACAAJ,"Livraria Nobel","Sem preço","Sem avaliação",2019-03-29
768,Zv17swEACAAJ,"Livraria Cultura","39,90","Sem avaliação",2019-03-29
769,Zv17swEACAAJ,FNAC,"Sem preço","Sem avaliação",2019-03-29
770,4Ce9wTKtRZIC,Submarino,"Sem preço","Sem avaliação",2019-03-29
771,4Ce9wTKtRZIC,"Livraria Saraiva","Sem preço","Sem avaliação",2019-03-29
772,4Ce9wTKtRZIC,"Livraria Nobel","Sem preço","Sem avaliação",2019-03-29
773,4Ce9wTKtRZIC,"Livraria Cultura","Sem preço","Sem avaliação",2019-03-29
774,4Ce9wTKtRZIC,FNAC,"Sem preço","Sem avaliação",2019-03-29
775,lv05QwAACAAJ,"Top Livros","19,90","Sem avaliação",2019-03-29
776,lv05QwAACAAJ,"Casas Bahia","11,37","Sem avaliação",2019-03-29
777,lv05QwAACAAJ,Extra.com.br,"11,37","Sem avaliação",2019-03-29
778,lv05QwAACAAJ,Americanas.com,"13,52","Sem avaliação",2019-03-29
779,lv05QwAACAAJ,"Livraria da Travessa","19,60","Sem avaliação",2019-03-29
780,lv05QwAACAAJ,Pontofrio.com,"11,37","Sem avaliação",2019-03-29
781,lv05QwAACAAJ,Zoom,"19,60","Sem avaliação",2019-03-29
782,lv05QwAACAAJ,Amazon.com.br,"13,52","Sem avaliação",2019-03-29
783,lv05QwAACAAJ,"Magazine Luiza","11,37","Sem avaliação",2019-03-29
784,lv05QwAACAAJ,Carrefour,"9,80","Sem avaliação",2019-03-29
785,lv05QwAACAAJ,"Estante Virtual","16,90","Sem avaliação",2019-03-29
786,lv05QwAACAAJ,Submarino,"Sem preço","Sem avaliação",2019-03-29
787,lv05QwAACAAJ,"Livraria Saraiva","Sem preço","Sem avaliação",2019-03-29
788,lv05QwAACAAJ,"Livraria Nobel","Sem preço","Sem avaliação",2019-03-29
789,lv05QwAACAAJ,"Livraria Cultura","Sem preço","Sem avaliação",2019-03-29
790,lv05QwAACAAJ,FNAC,"Sem preço","Sem avaliação",2019-03-29
791,2BEdDQAAQBAJ,Submarino,"Sem preço","Sem avaliação",2019-03-29
792,2BEdDQAAQBAJ,"Livraria Saraiva","Sem preço","Sem avaliação",2019-03-29
793,2BEdDQAAQBAJ,"Livraria Nobel","Sem preço","Sem avaliação",2019-03-29
794,2BEdDQAAQBAJ,"Livraria Cultura","Sem preço","Sem avaliação",2019-03-29
795,2BEdDQAAQBAJ,FNAC,"Sem preço","Sem avaliação",2019-03-29
796,aasTpW0MUTcC,Submarino,"Sem preço","Sem avaliação",2019-03-29
797,aasTpW0MUTcC,"Livraria Saraiva","Sem preço","Sem avaliação",2019-03-29
798,aasTpW0MUTcC,"Livraria Nobel","Sem preço","Sem avaliação",2019-03-29
799,aasTpW0MUTcC,"Livraria Cultura","Sem preço","Sem avaliação",2019-03-29
800,aasTpW0MUTcC,FNAC,"Sem preço","Sem avaliação",2019-03-29
801,aasTpW0MUTcC,"Distribuidora Autentica LTDA","Sem preço","Sem avaliação",2019-03-29
802,YLfCBAAAQBAJ,Submarino,"Sem preço","Sem avaliação",2019-03-29
803,YLfCBAAAQBAJ,"Livraria Saraiva","Sem preço","Sem avaliação",2019-03-29
804,YLfCBAAAQBAJ,"Livraria Nobel","Sem preço","Sem avaliação",2019-03-29
805,YLfCBAAAQBAJ,"Livraria Cultura","Sem preço","Sem avaliação",2019-03-29
806,YLfCBAAAQBAJ,FNAC,"Sem preço","Sem avaliação",2019-03-29
807,q_aKDgAAQBAJ,Submarino,"Sem preço","Sem avaliação",2019-03-29
808,q_aKDgAAQBAJ,"Livraria Saraiva","Sem preço","Sem avaliação",2019-03-29
809,q_aKDgAAQBAJ,"Livraria Nobel","Sem preço","Sem avaliação",2019-03-29
810,q_aKDgAAQBAJ,"Livraria Cultura","Sem preço","Sem avaliação",2019-03-29
811,q_aKDgAAQBAJ,FNAC,"Sem preço","Sem avaliação",2019-03-29
812,sFNRDwAAQBAJ,Submarino,"Sem preço","Sem avaliação",2019-03-29
813,sFNRDwAAQBAJ,"Livraria Saraiva","Sem preço","Sem avaliação",2019-03-29
814,sFNRDwAAQBAJ,"Livraria Nobel","Sem preço","Sem avaliação",2019-03-29
815,sFNRDwAAQBAJ,"Livraria Cultura","Sem preço","Sem avaliação",2019-03-29
816,sFNRDwAAQBAJ,FNAC,"Sem preço","Sem avaliação",2019-03-29
817,XYsEAwAAQBAJ,Submarino,"Sem preço","Sem avaliação",2019-03-29
818,XYsEAwAAQBAJ,"Livraria Saraiva","Sem preço","Sem avaliação",2019-03-29
819,XYsEAwAAQBAJ,"Livraria Nobel","Sem preço","Sem avaliação",2019-03-29
820,XYsEAwAAQBAJ,"Livraria Cultura","Sem preço","Sem avaliação",2019-03-29
821,XYsEAwAAQBAJ,FNAC,"Sem preço","Sem avaliação",2019-03-29
822,xMoowAEACAAJ,"Livrarias Curitiba","15,00","Sem avaliação",2019-03-29
823,xMoowAEACAAJ,Submarino,"12,75","Sem avaliação",2019-03-29
824,xMoowAEACAAJ,Submarino,"Sem preço","Sem avaliação",2019-03-29
825,xMoowAEACAAJ,"Livraria Saraiva","Sem preço","Sem avaliação",2019-03-29
826,xMoowAEACAAJ,"Livraria Nobel","Sem preço","Sem avaliação",2019-03-29
827,xMoowAEACAAJ,"Livraria Cultura","Sem preço","Sem avaliação",2019-03-29
828,xMoowAEACAAJ,FNAC,"Sem preço","Sem avaliação",2019-03-29
829,rK6aj1b2hrgC,Submarino,"Sem preço","Sem avaliação",2019-03-29
830,rK6aj1b2hrgC,"Livraria Saraiva","Sem preço","Sem avaliação",2019-03-29
831,rK6aj1b2hrgC,"Livraria Nobel","Sem preço","Sem avaliação",2019-03-29
832,rK6aj1b2hrgC,"Livraria Cultura","Sem preço","Sem avaliação",2019-03-29
833,rK6aj1b2hrgC,FNAC,"Sem preço","Sem avaliação",2019-03-29
834,rK6aj1b2hrgC,"Editora Copacabana","Sem preço","Sem avaliação",2019-03-29
835,xHH-Dy9HeKoC,"Livraria da Travessa","15,00","Sem avaliação",2019-03-29
836,xHH-Dy9HeKoC,Submarino,"Sem preço","Sem avaliação",2019-03-29
837,xHH-Dy9HeKoC,"Livraria Saraiva","Sem preço","Sem avaliação",2019-03-29
838,xHH-Dy9HeKoC,"Livraria Nobel","Sem preço","Sem avaliação",2019-03-29
839,xHH-Dy9HeKoC,"Livraria Cultura","Sem preço","Sem avaliação",2019-03-29
840,xHH-Dy9HeKoC,FNAC,"Sem preço","Sem avaliação",2019-03-29
841,cfLmmwEACAAJ,"OK Magazine ","38,32","Sem avaliação",2019-03-29
842,cfLmmwEACAAJ,"Magazine Luiza","49,90","Sem avaliação",2019-03-29
843,cfLmmwEACAAJ,"Magazine Luiza","49,90","Sem avaliação",2019-03-29
844,cfLmmwEACAAJ,"Magazine Luiza","39,92","Sem avaliação",2019-03-29
845,cfLmmwEACAAJ,"Casas Bahia","20,90","Sem avaliação",2019-03-29
846,cfLmmwEACAAJ,"Mercado Livre","49,90","Sem avaliação",2019-03-29
847,cfLmmwEACAAJ,Americanas.com,"39,99","Sem avaliação",2019-03-29
848,cfLmmwEACAAJ,Extra.com.br,"20,90","Sem avaliação",2019-03-29
849,cfLmmwEACAAJ,"Magazine Luiza","39,92","Sem avaliação",2019-03-29
850,cfLmmwEACAAJ,"Estante Virtual","24,90","Sem avaliação",2019-03-29
851,cfLmmwEACAAJ,Shoptime,"39,99","Sem avaliação",2019-03-29
852,cfLmmwEACAAJ,Submarino,"39,99","Sem avaliação",2019-03-29
853,cfLmmwEACAAJ,"Livraria da Travessa","49,90","Sem avaliação",2019-03-29
854,cfLmmwEACAAJ,"Mercado Livre","42,42","Sem avaliação",2019-03-29
855,cfLmmwEACAAJ,Amazon.com.br,"21,90","Sem avaliação",2019-03-29
856,cfLmmwEACAAJ,"Mercado Livre","39,92","Sem avaliação",2019-03-29
857,cfLmmwEACAAJ,Carrefour,"39,92","Sem avaliação",2019-03-29
858,cfLmmwEACAAJ,Pontofrio.com,"20,90","Sem avaliação",2019-03-29
859,cfLmmwEACAAJ,Submarino,"Sem preço","Sem avaliação",2019-03-29
860,cfLmmwEACAAJ,"Livraria Saraiva","41,90","Sem avaliação",2019-03-29
861,cfLmmwEACAAJ,"Livraria Nobel","Sem preço","Sem avaliação",2019-03-29
862,cfLmmwEACAAJ,"Livraria Cultura","49,90","Sem avaliação",2019-03-29
863,cfLmmwEACAAJ,FNAC,"Sem preço","Sem avaliação",2019-03-29
864,ydCXsSi0_h4C,Submarino,"Sem preço","Sem avaliação",2019-03-29
865,ydCXsSi0_h4C,"Livraria Saraiva","Sem preço","Sem avaliação",2019-03-29
866,ydCXsSi0_h4C,"Livraria Nobel","Sem preço","Sem avaliação",2019-03-29
867,ydCXsSi0_h4C,"Livraria Cultura","Sem preço","Sem avaliação",2019-03-29
868,ydCXsSi0_h4C,FNAC,"Sem preço","Sem avaliação",2019-03-29
869,KEuZAwAAQBAJ,Submarino,"Sem preço","Sem avaliação",2019-03-29
870,KEuZAwAAQBAJ,"Livraria Saraiva","Sem preço","Sem avaliação",2019-03-29
871,KEuZAwAAQBAJ,"Livraria Nobel","Sem preço","Sem avaliação",2019-03-29
872,KEuZAwAAQBAJ,"Livraria Cultura","Sem preço","Sem avaliação",2019-03-29
873,KEuZAwAAQBAJ,FNAC,"Sem preço","Sem avaliação",2019-03-29
874,q5CmCgAAQBAJ,Submarino,"Sem preço","Sem avaliação",2019-03-29
875,q5CmCgAAQBAJ,"Livraria Saraiva","Sem preço","Sem avaliação",2019-03-29
876,q5CmCgAAQBAJ,"Livraria Nobel","Sem preço","Sem avaliação",2019-03-29
877,q5CmCgAAQBAJ,"Livraria Cultura","Sem preço","Sem avaliação",2019-03-29
878,q5CmCgAAQBAJ,FNAC,"Sem preço","Sem avaliação",2019-03-29
879,BkBIvgAACAAJ,Submarino,"24,99","Sem avaliação",2019-03-29
880,BkBIvgAACAAJ,Americanas.com,"24,99","Sem avaliação",2019-03-29
881,BkBIvgAACAAJ,Shoptime,"24,99","Sem avaliação",2019-03-29
882,BkBIvgAACAAJ,Carrefour,"31,41","Sem avaliação",2019-03-29
883,BkBIvgAACAAJ,Walmart,"29,67","Sem avaliação",2019-03-29
884,BkBIvgAACAAJ,"Mercado Livre","34,90","Sem avaliação",2019-03-29
885,BkBIvgAACAAJ,"Casas Bahia","34,90","Sem avaliação",2019-03-29
886,BkBIvgAACAAJ,Pontofrio.com,"34,90","Sem avaliação",2019-03-29
887,BkBIvgAACAAJ,Amazon.com.br,"24,99","Sem avaliação",2019-03-29
888,BkBIvgAACAAJ,"Livrarias Curitiba","34,90","Sem avaliação",2019-03-29
889,BkBIvgAACAAJ,"Magazine Luiza","28,62","Sem avaliação",2019-03-29
890,BkBIvgAACAAJ,"Mercado Livre","33,15","Sem avaliação",2019-03-29
891,BkBIvgAACAAJ,"Magazine Luiza","34,90","Sem avaliação",2019-03-29
892,BkBIvgAACAAJ,"Magazine Luiza","31,41","Sem avaliação",2019-03-29
893,BkBIvgAACAAJ,"Livraria da Travessa","34,90","Sem avaliação",2019-03-29
894,BkBIvgAACAAJ,"Mercado Livre","28,62","Sem avaliação",2019-03-29
895,BkBIvgAACAAJ,Extra.com.br,"34,90","Sem avaliação",2019-03-29
896,BkBIvgAACAAJ,Submarino,"Sem preço","Sem avaliação",2019-03-29
897,BkBIvgAACAAJ,"Livraria Saraiva","Sem preço","Sem avaliação",2019-03-29
898,BkBIvgAACAAJ,"Livraria Nobel","Sem preço","Sem avaliação",2019-03-29
899,BkBIvgAACAAJ,"Livraria Cultura","34,90","Sem avaliação",2019-03-29
900,BkBIvgAACAAJ,FNAC,"Sem preço","Sem avaliação",2019-03-29
901,fR_0AwAAQBAJ,Submarino,"Sem preço","Sem avaliação",2019-03-29
902,fR_0AwAAQBAJ,"Livraria Saraiva","Sem preço","Sem avaliação",2019-03-29
903,fR_0AwAAQBAJ,"Livraria Nobel","Sem preço","Sem avaliação",2019-03-29
904,fR_0AwAAQBAJ,"Livraria Cultura","Sem preço","Sem avaliação",2019-03-29
905,fR_0AwAAQBAJ,FNAC,"Sem preço","Sem avaliação",2019-03-29
906,J7x2DQAAQBAJ,Submarino,"Sem preço","Sem avaliação",2019-03-29
907,J7x2DQAAQBAJ,"Livraria Saraiva","Sem preço","Sem avaliação",2019-03-29
908,J7x2DQAAQBAJ,"Livraria Nobel","Sem preço","Sem avaliação",2019-03-29
909,J7x2DQAAQBAJ,"Livraria Cultura","Sem preço","Sem avaliação",2019-03-29
910,J7x2DQAAQBAJ,FNAC,"Sem preço","Sem avaliação",2019-03-29
911,4U9ZCgAAQBAJ,Submarino,"Sem preço","Sem avaliação",2019-03-29
912,4U9ZCgAAQBAJ,"Livraria Saraiva","Sem preço","Sem avaliação",2019-03-29
913,4U9ZCgAAQBAJ,"Livraria Nobel","Sem preço","Sem avaliação",2019-03-29
914,4U9ZCgAAQBAJ,"Livraria Cultura","Sem preço","Sem avaliação",2019-03-29
915,4U9ZCgAAQBAJ,FNAC,"Sem preço","Sem avaliação",2019-03-29
916,sOQ7vgAACAAJ,Walmart,"31,32","Sem avaliação",2019-03-29
917,sOQ7vgAACAAJ,"Livraria da Travessa","42,90","Sem avaliação",2019-03-29
918,sOQ7vgAACAAJ,"Casas Bahia","32,00","Sem avaliação",2019-03-29
919,sOQ7vgAACAAJ,"Mercado Livre","35,92","Sem avaliação",2019-03-29
920,sOQ7vgAACAAJ,"Livrarias Curitiba","42,90","Sem avaliação",2019-03-29
921,sOQ7vgAACAAJ,Shoptime,"29,90","Sem avaliação",2019-03-29
922,sOQ7vgAACAAJ,Pontofrio.com,"32,00","Sem avaliação",2019-03-29
923,sOQ7vgAACAAJ,Americanas.com,"29,90","Sem avaliação",2019-03-29
924,sOQ7vgAACAAJ,"Magazine Luiza","28,00","Sem avaliação",2019-03-29
925,sOQ7vgAACAAJ,Extra.com.br,"42,90","Sem avaliação",2019-03-29
926,sOQ7vgAACAAJ,Submarino,"29,90","Sem avaliação",2019-03-29
927,sOQ7vgAACAAJ,Walmart,"49,90","Sem avaliação",2019-03-29
928,sOQ7vgAACAAJ,"Mercado Livre","34,62","Sem avaliação",2019-03-29
929,sOQ7vgAACAAJ,Walmart,"42,90","Sem avaliação",2019-03-29
930,sOQ7vgAACAAJ,Submarino,"Sem preço","Sem avaliação",2019-03-29
931,sOQ7vgAACAAJ,"Livraria Saraiva","29,90","Sem avaliação",2019-03-29
932,sOQ7vgAACAAJ,"Livraria Nobel","Sem preço","Sem avaliação",2019-03-29
933,sOQ7vgAACAAJ,"Livraria Cultura","42,90","Sem avaliação",2019-03-29
934,sOQ7vgAACAAJ,FNAC,"Sem preço","Sem avaliação",2019-03-29
935,WOvJAwAAQBAJ,Submarino,"Sem preço","Sem avaliação",2019-03-29
936,WOvJAwAAQBAJ,"Livraria Saraiva","Sem preço","Sem avaliação",2019-03-29
937,WOvJAwAAQBAJ,"Livraria Nobel","Sem preço","Sem avaliação",2019-03-29
938,WOvJAwAAQBAJ,"Livraria Cultura","Sem preço","Sem avaliação",2019-03-29
939,WOvJAwAAQBAJ,FNAC,"Sem preço","Sem avaliação",2019-03-29
940,b0CTswEACAAJ,Zoom,"23,92","Sem avaliação",2019-03-29
941,b0CTswEACAAJ,Shoptime,"22,42","Sem avaliação",2019-03-29
942,b0CTswEACAAJ,Candeia,"23,92","Sem avaliação",2019-03-29
943,b0CTswEACAAJ,Pontofrio.com,"22,42","Sem avaliação",2019-03-29
944,b0CTswEACAAJ,"Mercado Livre","29,90","Sem avaliação",2019-03-29
945,b0CTswEACAAJ,Amazon.com.br,"20,80","Sem avaliação",2019-03-29
946,b0CTswEACAAJ,"Mercado Livre","29,90","Sem avaliação",2019-03-29
947,b0CTswEACAAJ,Extra.com.br,"22,42","Sem avaliação",2019-03-29
948,b0CTswEACAAJ,Walmart,"23,92","Sem avaliação",2019-03-29
949,b0CTswEACAAJ,"Casas Bahia","22,42","Sem avaliação",2019-03-29
950,b0CTswEACAAJ,"Livraria da Travessa","29,90","Sem avaliação",2019-03-29
951,b0CTswEACAAJ,Submarino,"22,42","Sem avaliação",2019-03-29
952,b0CTswEACAAJ,Americanas.com,"22,42","Sem avaliação",2019-03-29
953,b0CTswEACAAJ,"Magazine Luiza","29,90","Sem avaliação",2019-03-29
954,b0CTswEACAAJ,"Magazine Luiza","29,90","Sem avaliação",2019-03-29
955,b0CTswEACAAJ,Submarino,"Sem preço","Sem avaliação",2019-03-29
956,b0CTswEACAAJ,"Livraria Saraiva","20,90","Sem avaliação",2019-03-29
957,b0CTswEACAAJ,"Livraria Nobel","Sem preço","Sem avaliação",2019-03-29
958,b0CTswEACAAJ,"Livraria Cultura","Sem preço","Sem avaliação",2019-03-29
959,b0CTswEACAAJ,FNAC,"Sem preço","Sem avaliação",2019-03-29
960,yzGLCgAAQBAJ,Submarino,"Sem preço","Sem avaliação",2019-03-29
961,yzGLCgAAQBAJ,"Livraria Saraiva","Sem preço","Sem avaliação",2019-03-29
962,yzGLCgAAQBAJ,"Livraria Nobel","Sem preço","Sem avaliação",2019-03-29
963,yzGLCgAAQBAJ,"Livraria Cultura","Sem preço","Sem avaliação",2019-03-29
964,yzGLCgAAQBAJ,FNAC,"Sem preço","Sem avaliação",2019-03-29
965,yzGLCgAAQBAJ,"Editora Jangada","Sem preço","Sem avaliação",2019-03-29
966,rCIfyl9PKskC,Submarino,"Sem preço","Sem avaliação",2019-03-29
967,rCIfyl9PKskC,"Livraria Saraiva","Sem preço","Sem avaliação",2019-03-29
968,rCIfyl9PKskC,"Livraria Nobel","Sem preço","Sem avaliação",2019-03-29
969,rCIfyl9PKskC,"Livraria Cultura","Sem preço","Sem avaliação",2019-03-29
970,rCIfyl9PKskC,FNAC,"Sem preço","Sem avaliação",2019-03-29
971,3gpKvgAACAAJ,"Livraria da Travessa","39,90","Sem avaliação",2019-03-29
972,3gpKvgAACAAJ,Shoptime,"18,90","Sem avaliação",2019-03-29
973,3gpKvgAACAAJ,"Magazine Luiza","39,90","Sem avaliação",2019-03-29
974,3gpKvgAACAAJ,Bok2,"39,90","Sem avaliação",2019-03-29
975,3gpKvgAACAAJ,"Mercado Livre","39,90","Sem avaliação",2019-03-29
976,3gpKvgAACAAJ,Walmart,"31,90","Sem avaliação",2019-03-29
977,3gpKvgAACAAJ,Submarino,"18,90","Sem avaliação",2019-03-29
978,3gpKvgAACAAJ,Walmart,"35,91","Sem avaliação",2019-03-29
979,3gpKvgAACAAJ,"Casas Bahia","39,90","Sem avaliação",2019-03-29
980,3gpKvgAACAAJ,"Livraria Florence","35,00","Sem avaliação",2019-03-29
981,3gpKvgAACAAJ,Amazon.com.br,"18,90","Sem avaliação",2019-03-29
982,3gpKvgAACAAJ,"Magazine Luiza","46,90","Sem avaliação",2019-03-29
983,3gpKvgAACAAJ,Extra.com.br,"39,90","Sem avaliação",2019-03-29
984,3gpKvgAACAAJ,"Estante Virtual","36,00","Sem avaliação",2019-03-29
985,3gpKvgAACAAJ,"Livrarias Curitiba","39,90","Sem avaliação",2019-03-29
986,3gpKvgAACAAJ,Walmart,"29,13","Sem avaliação",2019-03-29
987,3gpKvgAACAAJ,Pontofrio.com,"39,90","Sem avaliação",2019-03-29
988,3gpKvgAACAAJ,Walmart,"29,93","Sem avaliação",2019-03-29
989,3gpKvgAACAAJ,Submarino,"Sem preço","Sem avaliação",2019-03-29
990,3gpKvgAACAAJ,"Livraria Saraiva","18,90","Sem avaliação",2019-03-29
991,3gpKvgAACAAJ,"Livraria Nobel","Sem preço","Sem avaliação",2019-03-29
992,3gpKvgAACAAJ,"Livraria Cultura","Sem preço","Sem avaliação",2019-03-29
993,3gpKvgAACAAJ,FNAC,"Sem preço","Sem avaliação",2019-03-29
994,sdbcBAAAQBAJ,Submarino,"Sem preço","Sem avaliação",2019-03-29
995,sdbcBAAAQBAJ,"Livraria Saraiva","Sem preço","Sem avaliação",2019-03-29
996,sdbcBAAAQBAJ,"Livraria Nobel","Sem preço","Sem avaliação",2019-03-29
997,sdbcBAAAQBAJ,"Livraria Cultura","Sem preço","Sem avaliação",2019-03-29
998,sdbcBAAAQBAJ,FNAC,"Sem preço","Sem avaliação",2019-03-29
999,CGiy-SuAwDUC,Submarino,"Sem preço","Sem avaliação",2019-03-29
1000,CGiy-SuAwDUC,"Livraria Saraiva","Sem preço","Sem avaliação",2019-03-29
